Train/ep_return,Train/ep_return_max,Train/ep_return_min,Train/ep_length,Train/fps,Train/Step,timestep,Loss/4,Eval/ep_return,Eval/ep_return_max,Eval/ep_return_min,Eval/ep_length
11.9249935,13.049991,10.649997,1536.0,110.43286409591236,6144.0,6144,,,,,
9.3375,11.399995,7.650003,1536.0,152.38025734216805,12288.0,12288,,,,,
9.749996,14.249988,5.5500016,1536.0,164.23039735457337,18432.0,18432,,,,,
10.349997,13.19999,6.6000023,1536.0,179.9150586839341,24576.0,24576,,,,,
11.399995,13.4999895,9.899999,1536.0,192.3644604888495,30720.0,30720,,,,,
,,,,,,30720,50.75,,,,
,,,,,30720.0,30720,,6.9000025,8.550002,5.100002,1536.0
12.749991,14.099988,9.749999,1536.0,31.55902987972642,6144.0,6144,,,,,
9.524998,12.749991,5.2500014,1536.0,56.412026413682185,12288.0,12288,,,,,
11.212496,13.19999,9.45,1536.0,74.74227257888087,18432.0,18432,,,,,
9.0,12.149993,6.9000025,1536.0,91.02601905027484,24576.0,24576,,,,,
8.925,11.099996,7.350003,1536.0,103.8824482443321,30720.0,30720,,,,,
,,,,,,30720,19.75,,,,
,,,,,30720.0,30720,,11.549994,14.099988,9.899999,1536.0
13.23749,14.549987,11.849994,1536.0,18.56486557319078,6144.0,6144,,,,,
11.399995,13.049991,10.049998,1536.0,34.6111089800412,12288.0,12288,,,,,
12.712492,13.049991,12.299993,1536.0,47.42145899054392,18432.0,18432,,,,,
12.487492,14.099988,10.949996,1536.0,59.10550974583678,24576.0,24576,,,,,
9.937498,11.849994,8.250003,1536.0,70.04233667018305,30720.0,30720,,,,,
,,,,,,30720,48.0,,,,
,,,,,30720.0,30720,,7.3125033,7.8000035,6.750003,1536.0
13.27499,13.949988,11.999993,1536.0,12.965042444714364,6144.0,6144,,,,,
8.362501,9.749999,6.6000023,1536.0,24.61866161450652,12288.0,12288,,,,,
12.562492,13.19999,11.699994,1536.0,34.66757861356593,18432.0,18432,,,,,
7.237501,10.199998,5.1000013,1536.0,44.13235649653223,24576.0,24576,,,,,
10.049998,11.999993,8.700002,1536.0,53.02468181015794,30720.0,30720,,,,,
,,,,,,30720,21.5,,,,
,,,,,30720.0,30720,,11.287495,14.549987,9.150001,1536.0
11.849994,14.099988,9.599999,1536.0,10.02632975001128,6144.0,6144,,,,,
10.312497,13.799989,7.2000027,1536.0,19.230605090273723,12288.0,12288,,,,,
11.999993,12.899991,10.499997,1536.0,27.62010848662748,18432.0,18432,,,,,
12.299993,13.34999,11.549994,1536.0,35.575551997029656,24576.0,24576,,,,,
12.524992,13.949988,9.749999,1536.0,42.9655635998631,30720.0,30720,,,,,
,,,,,,30720,41.0,,,,
,,,,,30720.0,30720,,8.362501,9.45,6.750003,1536.0
12.787491,14.249988,11.699994,1536.0,8.173252253644641,6144.0,6144,,,,,
9.1125,9.899999,7.350003,1536.0,15.840385620574592,12288.0,12288,,,,,
10.387497,11.999993,8.250003,1536.0,22.75461848311141,18432.0,18432,,,,,
12.187492,13.649989,11.249995,1536.0,29.46102935399128,24576.0,24576,,,,,
10.762497,11.699994,9.899999,1536.0,35.72589272368415,30720.0,30720,,,,,
,,,,,,30720,42.25,,,,
,,,,,30720.0,30720,,8.175003,8.700002,7.8000035,1536.0
12.299993,13.649989,10.799996,1536.0,6.867137487920027,6144.0,6144,,,,,
9.112501,10.799996,8.250003,1536.0,13.363265211478891,12288.0,12288,,,,,
12.1124935,13.049991,10.499997,1536.0,19.34872554536504,18432.0,18432,,,,,
11.099996,12.599992,9.599999,1536.0,25.180461650732752,24576.0,24576,,,,,
12.899991,13.34999,12.599992,1536.0,30.695384797995604,30720.0,30720,,,,,
,,,,,,30720,48.5,,,,
,,,,,30720.0,30720,,7.237502,8.850001,4.8000016,1536.0
13.31249,13.949988,12.299993,1536.0,5.917525813099634,6144.0,6144,,,,,
10.312498,11.099996,9.749999,1536.0,11.534816130587306,12288.0,12288,,,,,
12.299993,13.4999895,10.049998,1536.0,16.761044639698586,18432.0,18432,,,,,
12.149993,12.599992,11.849994,1536.0,21.83014943095528,24576.0,24576,,,,,
13.049991,13.649989,12.449992,1536.0,26.6803994356188,30720.0,30720,,,,,
,,,,,,30720,11.5,,,,
,,,,,30720.0,30720,,12.787491,13.049991,12.599992,1536.0
12.599992,14.549987,10.799996,1536.0,5.164183088264351,6144.0,6144,,,,,
9.45,10.949996,8.4000025,1536.0,10.102231594053311,12288.0,12288,,,,,
9.112501,10.3499975,7.950003,1536.0,14.776316280314909,18432.0,18432,,,,,
8.812501,9.899999,7.650003,1536.0,19.311851832554115,24576.0,24576,,,,,
11.324995,12.899991,10.3499975,1536.0,23.66117955393312,30720.0,30720,,,,,
,,,,,,30720,30.25,,,,
,,,,,30720.0,30720,,9.9749975,11.249995,7.050003,1536.0
13.12499,13.799989,12.449992,1536.0,4.599077640856442,6144.0,6144,,,,,
10.987495,13.649989,8.850001,1536.0,9.023599087688115,12288.0,12288,,,,,
11.849994,13.949988,9.45,1536.0,13.198024350290924,18432.0,18432,,,,,
11.287495,13.799989,9.45,1536.0,17.27887418375131,24576.0,24576,,,,,
10.837496,11.699994,9.3,1536.0,21.215037149735995,30720.0,30720,,,,,
,,,,,,30720,58.25,,,,
,,,,,30720.0,30720,,5.7750025,7.200003,4.8000016,1536.0
12.899991,14.249988,11.249995,1536.0,4.142744658927774,6144.0,6144,,,,,
12.374992,13.649989,9.899999,1536.0,8.150732823483295,12288.0,12288,,,,,
7.312503,8.250003,6.000002,1536.0,11.941700809308555,18432.0,18432,,,,,
12.299993,13.049991,11.549994,1536.0,15.650928303648229,24576.0,24576,,,,,
8.437501,9.599999,6.150002,1536.0,19.2809776800693,30720.0,30720,,,,,
,,,,,,30720,50.75,,,,
,,,,,30720.0,30720,,6.900003,8.100003,5.550002,1536.0
12.1124935,13.34999,10.049998,1536.0,3.770322245703466,6144.0,6144,,,,,
9.112498,11.999993,6.450002,1536.0,7.427017874926342,12288.0,12288,,,,,
11.512495,12.899991,10.649997,1536.0,10.93675065923084,18432.0,18432,,,,,
11.474995,13.649989,9.000001,1536.0,14.339719212743802,24576.0,24576,,,,,
9.000001,11.549994,7.800003,1536.0,17.651321646279573,30720.0,30720,,,,,
,,,,,,30720,42.25,,,,
,,,,,30720.0,30720,,8.175003,8.700002,7.200003,1536.0
12.412493,14.699986,9.599999,1536.0,3.459911133817402,6144.0,6144,,,,,
8.325001,9.749999,7.0500026,1536.0,6.827473627231799,12288.0,12288,,,,,
12.93749,13.19999,12.749991,1536.0,10.036749278580707,18432.0,18432,,,,,
11.437494,13.34999,10.049998,1536.0,13.173877231572202,24576.0,24576,,,,,
13.12499,13.799989,12.599992,1536.0,16.20702555625847,30720.0,30720,,,,,
,,,,,,30720,21.0,,,,
,,,,,30720.0,30720,,11.362495,13.19999,10.3499975,1536.0
12.899991,14.249988,11.849994,1536.0,3.173983597026425,6144.0,6144,,,,,
10.574997,11.549994,9.45,1536.0,6.2680323268340015,12288.0,12288,,,,,
11.624994,12.599992,10.649997,1536.0,9.251834256580969,18432.0,18432,,,,,
11.774994,13.649989,10.949996,1536.0,12.201998125373647,24576.0,24576,,,,,
9.674999,11.249995,9.000001,1536.0,15.06425874770656,30720.0,30720,,,,,
,,,,,,30720,38.5,,,,
,,,,,30720.0,30720,,8.737501,9.599999,8.100003,1536.0
12.637491,14.549987,10.199998,1536.0,2.960562703024719,6144.0,6144,,,,,
10.274998,11.399995,9.599999,1536.0,5.8505966797224485,12288.0,12288,,,,,
12.899991,13.649989,11.849994,1536.0,8.640219118528371,18432.0,18432,,,,,
12.262493,13.949988,10.799996,1536.0,11.401948187830568,24576.0,24576,,,,,
7.575003,8.250003,6.300002,1536.0,14.095273178397491,30720.0,30720,,,,,
,,,,,,30720,66.0,,,,
,,,,,30720.0,30720,,4.612501,5.100002,3.900001,1536.0
12.487492,13.19999,11.699994,1536.0,2.775007037116852,6144.0,6144,,,,,
11.549994,13.4999895,8.850001,1536.0,5.490186552790188,12288.0,12288,,,,,
10.837496,11.099996,10.199998,1536.0,8.122783156157126,18432.0,18432,,,,,
10.912497,11.699994,9.599999,1536.0,10.721221169251884,24576.0,24576,,,,,
10.462498,11.099996,9.45,1536.0,13.271930460696009,30720.0,30720,,,,,
,,,,,,30720,24.75,,,,
,,,,,30720.0,30720,,10.799996,12.749991,9.000001,1536.0
13.537489,14.699986,12.899991,1536.0,2.6149768379680194,6144.0,6144,,,,,
11.324993,13.949988,6.450002,1536.0,5.178202977991243,12288.0,12288,,,,,
7.3875027,8.100003,6.150002,1536.0,7.665764058518707,18432.0,18432,,,,,
9.3375,10.049998,8.4000025,1536.0,10.11992168661402,24576.0,24576,,,,,
11.174995,14.549987,7.800003,1536.0,12.522697068290965,30720.0,30720,,,,,
,,,,,,30720,7.75,,,,
,,,,,30720.0,30720,,13.34999,13.649989,13.049991,1536.0
12.1124935,12.899991,10.949996,1536.0,2.4698930323540647,6144.0,6144,,,,,
11.062496,13.649989,8.250003,1536.0,4.893268398514507,12288.0,12288,,,,,
12.299993,14.249988,9.45,1536.0,7.253435356946248,18432.0,18432,,,,,
12.674992,13.649989,11.699994,1536.0,9.577773722711528,24576.0,24576,,,,,
9.150001,10.3499975,8.250003,1536.0,11.859839551179611,30720.0,30720,,,,,
,,,,,,30720,55.25,,,,
,,,,,30720.0,30720,,6.2250023,7.6500034,5.400002,1536.0
12.862492,13.649989,11.849994,1536.0,2.340108826817073,6144.0,6144,,,,,
9.3375,10.949996,8.100003,1536.0,4.638331426325759,12288.0,12288,,,,,
12.074993,12.449992,11.849994,1536.0,6.8801591859234765,18432.0,18432,,,,,
8.550001,10.499997,7.2000027,1536.0,9.092603644415318,24576.0,24576,,,,,
9.9749975,12.449992,6.9000025,1536.0,11.268969986561306,30720.0,30720,,,,,
,,,,,,30720,55.75,,,,
,,,,,30720.0,30720,,6.1500025,7.200003,4.8000016,1536.0
13.12499,14.399987,11.699994,1536.0,2.2241920894242333,6144.0,6144,,,,,
10.612497,11.699994,9.3,1536.0,4.408984552611534,12288.0,12288,,,,,
12.674992,13.649989,11.249995,1536.0,6.540734610693729,18432.0,18432,,,,,
11.774994,13.19999,9.45,1536.0,8.641087834650072,24576.0,24576,,,,,
8.437502,9.3,7.650003,1536.0,10.706133723866488,30720.0,30720,,,,,
,,,,,,30720,43.0,,,,
,,,,,30720.0,30720,,8.062502,10.199998,6.900003,1536.0
12.487492,14.099988,9.749999,1536.0,2.115117564554149,6144.0,6144,,,,,
10.687496,13.34999,8.700002,1536.0,4.194098810304917,12288.0,12288,,,,,
12.787491,13.799989,11.999993,1536.0,6.221606868925734,18432.0,18432,,,,,
9.862498,11.999993,7.800003,1536.0,8.232023031882218,24576.0,24576,,,,,
13.23749,14.699986,12.599992,1536.0,10.20292244292582,30720.0,30720,,,,,
,,,,,,30720,15.0,,,,
,,,,,30720.0,30720,,12.262493,13.34999,11.099996,1536.0
13.949988,14.249988,13.649989,1536.0,2.0148392799422594,6144.0,6144,,,,,
10.837496,11.399995,10.199998,1536.0,3.995628756341696,12288.0,12288,,,,,
9.824999,11.249995,8.700002,1536.0,5.922940010497746,18432.0,18432,,,,,
11.849994,13.949988,10.649997,1536.0,7.838777814063206,24576.0,24576,,,,,
9.749999,10.199998,8.700002,1536.0,9.719405321424464,30720.0,30720,,,,,
,,,,,,30720,12.25,,,,
,,,,,30720.0,30720,,12.674992,13.34999,11.699994,1536.0
12.862492,13.649989,10.799996,1536.0,1.921777459947972,6144.0,6144,,,,,
8.549998,13.949988,5.1000013,1536.0,3.8121724095471454,12288.0,12288,,,,,
9.487499,11.999993,8.250003,1536.0,5.662351803756229,18432.0,18432,,,,,
10.199998,11.399995,8.700002,1536.0,7.496394879747948,24576.0,24576,,,,,
8.85,9.749999,7.650003,1536.0,9.298590179514152,30720.0,30720,,,,,
,,,,,,30720,27.25,,,,
,,,,,30720.0,30720,,10.424997,11.699994,9.3,1536.0
12.487492,13.4999895,10.799996,1536.0,1.8399026428622351,6144.0,6144,,,,,
9.637499,11.099996,6.7500024,1536.0,3.651082460258756,12288.0,12288,,,,,
11.212496,11.999993,10.799996,1536.0,5.427623861232731,18432.0,18432,,,,,
11.437494,12.599992,8.550002,1536.0,7.183235291411767,24576.0,24576,,,,,
9.599998,11.849994,7.650003,1536.0,8.913744643750304,30720.0,30720,,,,,
,,,,,,30720,41.25,,,,
,,,,,30720.0,30720,,8.325002,9.599999,6.750003,1536.0
12.974991,14.549987,10.3499975,1536.0,1.7648088013098413,6144.0,6144,,,,,
11.212496,13.799989,10.199998,1536.0,3.504978684416043,12288.0,12288,,,,,
11.699994,13.19999,10.049998,1536.0,5.207856640575334,18432.0,18432,,,,,
10.949996,12.299993,10.199998,1536.0,6.894545654525934,24576.0,24576,,,,,
13.12499,14.549987,12.299993,1536.0,8.550509980648181,30720.0,30720,,,,,
,,,,,,30720,37.75,,,,
,,,,,30720.0,30720,,8.849999,10.799996,6.6000023,1536.0
13.27499,13.949988,12.299993,1536.0,1.6927043690621564,6144.0,6144,,,,,
11.399995,13.19999,9.599999,1536.0,3.3592737724934416,12288.0,12288,,,,,
13.724989,14.399987,13.049991,1536.0,4.989752678168777,18432.0,18432,,,,,
10.649997,12.599992,7.800003,1536.0,6.608795715110422,24576.0,24576,,,,,
10.537497,11.849994,8.850001,1536.0,8.20840982942038,30720.0,30720,,,,,
,,,,,,30720,38.5,,,,
,,,,,30720.0,30720,,8.737501,9.899999,7.050003,1536.0
12.824991,13.649989,11.849994,1536.0,1.6261261783125065,6144.0,6144,,,,,
9.862497,12.149993,6.9000025,1536.0,3.230234087077401,12288.0,12288,,,,,
12.974991,14.249988,11.699994,1536.0,4.8071447324147645,18432.0,18432,,,,,
10.124998,11.849994,9.3,1536.0,6.369671725990977,24576.0,24576,,,,,
10.837496,13.34999,9.45,1536.0,7.90982454617936,30720.0,30720,,,,,
,,,,,,30720,39.5,,,,
,,,,,30720.0,30720,,8.587502,9.749999,7.9500036,1536.0
12.224993,13.649989,9.749999,1536.0,1.5675768755023434,6144.0,6144,,,,,
10.424997,13.799989,7.800003,1536.0,3.1160268952507195,12288.0,12288,,,,,
11.174995,11.849994,10.799996,1536.0,4.63727958148037,18432.0,18432,,,,,
11.624994,12.149993,11.099996,1536.0,6.145837197447113,24576.0,24576,,,,,
11.699994,13.799989,10.049998,1536.0,7.638777449719204,30720.0,30720,,,,,
,,,,,,30720,10.25,,,,
,,,,,30720.0,30720,,12.974991,13.949988,12.449992,1536.0
12.524992,13.949988,9.749999,1536.0,1.5145769275308645,6144.0,6144,,,,,
12.862492,14.099988,11.249995,1536.0,3.0109463258733364,12288.0,12288,,,,,
9.4125,10.949996,7.950003,1536.0,4.4832351082982855,18432.0,18432,,,,,
11.849994,13.799989,9.000001,1536.0,5.946446530028138,24576.0,24576,,,,,
11.474995,13.4999895,8.700002,1536.0,7.395139457837789,30720.0,30720,,,,,
,,,,,,30720,42.75,,,,
,,,,,30720.0,30720,,8.100001,11.099996,6.600003,1536.0
11.962494,12.599992,10.949996,1536.0,1.4672126369231224,6144.0,6144,,,,,
8.1375,11.099996,4.500001,1536.0,2.9181385658815406,12288.0,12288,,,,,
10.162498,12.149993,8.700002,1536.0,4.342028248112875,18432.0,18432,,,,,
11.699994,12.899991,9.45,1536.0,5.75871950037127,24576.0,24576,,,,,
11.999993,14.099988,10.199998,1536.0,7.159236025100556,30720.0,30720,,,,,
,,,,,,30720,26.0,,,,
,,,,,30720.0,30720,,10.612497,12.599992,9.150001,1536.0
12.187492,13.4999895,9.749999,1536.0,1.4204019014324147,6144.0,6144,,,,,
11.212496,13.19999,8.250003,1536.0,2.8237184739220456,12288.0,12288,,,,,
8.025002,10.499997,6.150002,1536.0,4.205622250541663,18432.0,18432,,,,,
11.099996,12.299993,10.199998,1536.0,5.578825696386979,24576.0,24576,,,,,
12.93749,14.099988,11.549994,1536.0,6.936603598908093,30720.0,30720,,,,,
,,,,,,30720,34.0,,,,
,,,,,30720.0,30720,,9.412499,11.549994,7.3500032,1536.0
12.712492,13.949988,11.849994,1536.0,1.37583417518822,6144.0,6144,,,,,
8.475001,10.049998,7.2000027,1536.0,2.7368993405508,12288.0,12288,,,,,
12.974991,13.949988,12.299993,1536.0,4.078361820102333,18432.0,18432,,,,,
9.225,10.649997,7.950003,1536.0,5.409820693360933,24576.0,24576,,,,,
12.524992,14.249988,11.399995,1536.0,6.7255414016816735,30720.0,30720,,,,,
,,,,,,30720,36.0,,,,
,,,,,30720.0,30720,,9.112499,11.549994,6.900003,1536.0
12.824991,13.649989,11.999993,1536.0,1.3343906687373763,6144.0,6144,,,,,
11.062496,13.799989,8.250003,1536.0,2.654211140479633,12288.0,12288,,,,,
11.887493,13.4999895,10.049998,1536.0,3.952486400095611,18432.0,18432,,,,,
13.23749,13.949988,12.599992,1536.0,5.243823362680793,24576.0,24576,,,,,
13.23749,14.549987,12.149993,1536.0,6.521076546557975,30720.0,30720,,,,,
,,,,,,30720,14.75,,,,
,,,,,30720.0,30720,,12.299993,13.649989,11.399995,1536.0
12.862492,13.34999,12.149993,1536.0,1.293728686724216,6144.0,6144,,,,,
11.249995,13.049991,9.3,1536.0,2.573697524094242,12288.0,12288,,,,,
12.599992,13.34999,11.699994,1536.0,3.836583005963032,18432.0,18432,,,,,
11.9249935,14.099988,10.199998,1536.0,5.088708071527856,24576.0,24576,,,,,
13.61249,14.099988,12.599992,1536.0,6.325636347367274,30720.0,30720,,,,,
,,,,,,30720,18.5,,,,
,,,,,30720.0,30720,,11.7374935,13.049991,10.499997,1536.0
13.23749,13.799989,12.599992,1536.0,1.2558049876890407,6144.0,6144,,,,,
11.512495,13.949988,7.800003,1536.0,2.4988711023917776,12288.0,12288,,,,,
11.399995,12.299993,10.949996,1536.0,3.722768850433825,18432.0,18432,,,,,
12.037493,13.649989,10.799996,1536.0,4.939973088958535,24576.0,24576,,,,,
10.762496,12.449992,7.650003,1536.0,6.142538304827891,30720.0,30720,,,,,
,,,,,,30720,51.5,,,,
,,,,,30720.0,30720,,6.7875023,8.4000025,5.550002,1536.0
13.012491,13.799989,12.299993,1536.0,1.2196720868761046,6144.0,6144,,,,,
10.3499975,12.599992,8.4000025,1536.0,2.427051615810196,12288.0,12288,,,,,
10.537497,11.399995,9.749999,1536.0,3.6188086091756215,18432.0,18432,,,,,
11.587494,13.949988,9.45,1536.0,4.802116469480539,24576.0,24576,,,,,
11.062496,14.549987,8.100003,1536.0,5.973711131028558,30720.0,30720,,,,,
,,,,,,30720,33.5,,,,
,,,,,30720.0,30720,,9.487497,12.599992,4.8000016,1536.0
12.93749,14.099988,10.949996,1536.0,1.1868922592425115,6144.0,6144,,,,,
10.799995,12.299993,7.650003,1536.0,2.362637607646101,12288.0,12288,,,,,
10.124998,11.999993,8.100003,1536.0,3.523783571699972,18432.0,18432,,,,,
9.225,10.949996,7.350003,1536.0,4.678487741279782,24576.0,24576,,,,,
13.08749,13.949988,12.749991,1536.0,5.821469214253986,30720.0,30720,,,,,
,,,,,,30720,11.25,,,,
,,,,,30720.0,30720,,12.824991,13.949988,11.399995,1536.0
13.31249,14.249988,11.999993,1536.0,1.1564371750582845,6144.0,6144,,,,,
9.749997,13.4999895,5.850002,1536.0,2.301469754563337,12288.0,12288,,,,,
11.474995,13.649989,9.599999,1536.0,3.4308153889565483,18432.0,18432,,,,,
12.974991,14.249988,11.099996,1536.0,4.554532785839645,24576.0,24576,,,,,
7.275002,9.000001,5.7000017,1536.0,5.665405880452351,30720.0,30720,,,,,
,,,,,,30720,15.25,,,,
,,,,,30720.0,30720,,12.224993,13.799989,9.599999,1536.0
12.787491,13.949988,10.3499975,1536.0,1.1257883783356866,6144.0,6144,,,,,
10.799996,12.749991,9.000001,1536.0,2.2417030997525926,12288.0,12288,,,,,
9.937498,11.249995,9.000001,1536.0,3.342357282416507,18432.0,18432,,,,,
11.587494,13.049991,9.599999,1536.0,4.435641185774159,24576.0,24576,,,,,
8.924999,12.599992,6.6000023,1536.0,5.521332923103696,30720.0,30720,,,,,
,,,,,,30720,37.5,,,,
,,,,,30720.0,30720,,8.887501,10.649997,7.3500032,1536.0
12.637491,14.549987,9.899999,1536.0,1.0971282937053335,6144.0,6144,,,,,
10.162497,12.299993,6.7500024,1536.0,2.183347673175879,12288.0,12288,,,,,
11.662495,12.899991,11.099996,1536.0,3.254697311800016,18432.0,18432,,,,,
11.7374935,13.049991,10.049998,1536.0,4.320516337612532,24576.0,24576,,,,,
11.624994,13.34999,9.749999,1536.0,5.376831716134267,30720.0,30720,,,,,
,,,,,,30720,34.25,,,,
,,,,,30720.0,30720,,9.375,11.099996,7.9500036,1536.0
13.162491,14.549987,12.149993,1536.0,1.0685330320366266,6144.0,6144,,,,,
10.387497,14.099988,8.100003,1536.0,2.127508753180084,12288.0,12288,,,,,
8.812502,10.199998,8.100003,1536.0,3.173981908009815,18432.0,18432,,,,,
10.987495,12.599992,9.3,1536.0,4.213465763862449,24576.0,24576,,,,,
10.012499,10.499997,9.3,1536.0,5.242913763106385,30720.0,30720,,,,,
,,,,,,30720,73.25,,,,
,,,,,30720.0,30720,,3.5250008,4.5000014,2.8500004,1536.0
12.674992,13.4999895,11.399995,1536.0,1.0420664739358958,6144.0,6144,,,,,
9.599999,10.3499975,8.850001,1536.0,2.074941780394252,12288.0,12288,,,,,
10.649997,11.249995,10.049998,1536.0,3.0959884240180817,18432.0,18432,,,,,
12.262493,13.799989,10.499997,1536.0,4.111727601839368,24576.0,24576,,,,,
12.862492,14.249988,11.999993,1536.0,5.1175991651375465,30720.0,30720,,,,,
,,,,,,30720,20.25,,,,
,,,,,30720.0,30720,,11.474995,13.799989,10.199998,1536.0
13.23749,14.249988,12.449992,1536.0,1.0170824893072512,6144.0,6144,,,,,
10.312498,11.999993,8.850001,1536.0,2.025539267300778,12288.0,12288,,,,,
11.7374935,12.899991,10.649997,1536.0,3.023397828611681,18432.0,18432,,,,,
10.087498,11.399995,7.2000027,1536.0,4.016308931009756,24576.0,24576,,,,,
10.874996,12.449992,8.550002,1536.0,5.001635274059304,30720.0,30720,,,,,
,,,,,,30720,23.75,,,,
,,,,,30720.0,30720,,10.949996,14.549987,8.550002,1536.0
13.12499,13.949988,12.599992,1536.0,0.9952157494064476,6144.0,6144,,,,,
10.537497,13.19999,7.500003,1536.0,1.9824931460147404,12288.0,12288,,,,,
9.749998,11.699994,7.350003,1536.0,2.9587314248795824,18432.0,18432,,,,,
8.849999,11.849994,6.150002,1536.0,3.930228667810123,24576.0,24576,,,,,
13.837488,14.549987,13.049991,1536.0,4.89423151311922,30720.0,30720,,,,,
,,,,,,30720,24.25,,,,
,,,,,30720.0,30720,,10.874996,14.099988,8.4000025,1536.0
12.412493,13.34999,11.699994,1536.0,0.973549516686992,6144.0,6144,,,,,
11.099996,12.449992,7.800003,1536.0,1.9398710693852688,12288.0,12288,,,,,
12.824991,13.34999,11.699994,1536.0,2.896242675860321,18432.0,18432,,,,,
11.474995,12.899991,9.45,1536.0,3.846807906797364,24576.0,24576,,,,,
10.424997,14.249988,8.4000025,1536.0,4.7908698197305695,30720.0,30720,,,,,
,,,,,,30720,45.25,,,,
,,,,,30720.0,30720,,7.725002,9.000001,6.1500025,1536.0
13.4999895,14.549987,12.299993,1536.0,0.9530296803704236,6144.0,6144,,,,,
9.412499,10.499997,7.650003,1536.0,1.8985124647331613,12288.0,12288,,,,,
11.099996,12.599992,10.3499975,1536.0,2.834584473931205,18432.0,18432,,,,,
11.249995,12.449992,8.850001,1536.0,3.765947894602096,24576.0,24576,,,,,
12.487492,13.649989,9.599999,1536.0,4.689462710960325,30720.0,30720,,,,,
,,,,,,30720,21.75,,,,
,,,,,30720.0,30720,,11.249995,13.19999,9.899999,1536.0
13.23749,14.249988,11.549994,1536.0,0.9327963169548776,6144.0,6144,,,,,
9.262501,10.649997,8.100003,1536.0,1.858665847287883,12288.0,12288,,,,,
12.337492,13.049991,11.999993,1536.0,2.775548959421557,18432.0,18432,,,,,
12.1124935,13.19999,9.599999,1536.0,3.6880998130530847,24576.0,24576,,,,,
11.212496,13.34999,7.950003,1536.0,4.594761095840726,30720.0,30720,,,,,
,,,,,,30720,16.5,,,,
,,,,,30720.0,30720,,12.037493,12.599992,10.949996,1536.0
12.637491,13.799989,11.699994,1536.0,0.9141874185432746,6144.0,6144,,,,,
11.362495,13.949988,9.599999,1536.0,1.822003108927354,12288.0,12288,,,,,
11.9249935,13.049991,10.3499975,1536.0,2.72069193483278,18432.0,18432,,,,,
11.962494,14.099988,9.749999,1536.0,3.614450729958418,24576.0,24576,,,,,
10.837496,12.899991,8.850001,1536.0,4.502649248850134,30720.0,30720,,,,,
,,,,,,30720,58.25,,,,
,,,,,30720.0,30720,,5.7750025,7.5000033,4.8000016,1536.0
11.7374935,13.19999,10.049998,1536.0,0.8963393928182569,6144.0,6144,,,,,
11.7374935,13.34999,10.049998,1536.0,1.7860305773803469,12288.0,12288,,,,,
12.337492,14.099988,10.649997,1536.0,2.667072848563107,18432.0,18432,,,,,
13.162491,14.249988,11.549994,1536.0,3.544329667366413,24576.0,24576,,,,,
11.849994,12.899991,10.949996,1536.0,4.413667034773247,30720.0,30720,,,,,
,,,,,,30720,70.0,,,,
,,,,,30720.0,30720,,4.012501,5.100002,2.8500004,1536.0
13.27499,13.799989,12.749991,1536.0,0.8785043559992894,6144.0,6144,,,,,
8.2125,10.799996,5.7000017,1536.0,1.75099896733768,12288.0,12288,,,,,
10.837496,12.449992,9.150001,1536.0,2.615746151851712,18432.0,18432,,,,,
13.42499,13.949988,12.449992,1536.0,3.476571349380264,24576.0,24576,,,,,
10.3499975,11.849994,9.150001,1536.0,4.33175941073118,30720.0,30720,,,,,
,,,,,,30720,47.5,,,,
,,,,,30720.0,30720,,7.387502,8.700002,5.100002,1536.0
12.862492,14.249988,11.399995,1536.0,0.8622401046493047,6144.0,6144,,,,,
9.0375,10.3499975,8.100003,1536.0,1.7188887161636823,12288.0,12288,,,,,
10.424997,10.949996,9.899999,1536.0,2.568059492705978,18432.0,18432,,,,,
11.624994,13.19999,10.199998,1536.0,3.4136398303218445,24576.0,24576,,,,,
11.587494,12.749991,10.199998,1536.0,4.25388530064821,30720.0,30720,,,,,
,,,,,,30720,65.5,,,,
,,,,,30720.0,30720,,4.687502,6.900003,2.7000003,1536.0
13.687489,14.699986,12.299993,1536.0,0.8468512115766553,6144.0,6144,,,,,
10.987495,13.949988,9.3,1536.0,1.6877373682373018,12288.0,12288,,,,,
12.037493,13.4999895,10.949996,1536.0,2.5210424108054226,18432.0,18432,,,,,
9.3375,11.399995,7.500003,1536.0,3.351052723156605,24576.0,24576,,,,,
7.65,11.099996,3.7500005,1536.0,4.176622657849906,30720.0,30720,,,,,
,,,,,,30720,24.0,,,,
,,,,,30720.0,30720,,10.912497,12.449992,9.3,1536.0
12.487492,14.099988,11.849994,1536.0,0.8315432554500847,6144.0,6144,,,,,
11.9249935,14.099988,9.3,1536.0,1.65780780921652,12288.0,12288,,,,,
12.824991,13.4999895,12.449992,1536.0,2.4773726207954656,18432.0,18432,,,,,
9.412498,11.249995,6.7500024,1536.0,3.292062180917598,24576.0,24576,,,,,
12.224993,13.799989,9.45,1536.0,4.100148344949106,30720.0,30720,,,,,
,,,,,,30720,16.75,,,,
,,,,,30720.0,30720,,11.999993,12.749991,10.199998,1536.0
13.012491,13.799989,11.849994,1536.0,0.8162699421779219,6144.0,6144,,,,,
9.824999,12.149993,7.650003,1536.0,1.6272748237653971,12288.0,12288,,,,,
7.575002,8.850001,6.150002,1536.0,2.430499526221765,18432.0,18432,,,,,
11.962494,13.049991,9.3,1536.0,3.2310807313811094,24576.0,24576,,,,,
11.699994,12.899991,9.3,1536.0,4.026284727580888,30720.0,30720,,,,,
,,,,,,30720,30.0,,,,
,,,,,30720.0,30720,,10.012497,11.999993,7.050003,1536.0
13.4999895,14.549987,12.599992,1536.0,0.8017253470866471,6144.0,6144,,,,,
11.062496,13.799989,9.000001,1536.0,1.5981961963268283,12288.0,12288,,,,,
11.624994,12.599992,10.199998,1536.0,2.38729719735232,18432.0,18432,,,,,
11.849994,13.799989,9.150001,1536.0,3.173065960921826,24576.0,24576,,,,,
13.387489,13.949988,12.299993,1536.0,3.953661373252906,30720.0,30720,,,,,
,,,,,,30720,64.0,,,,
,,,,,30720.0,30720,,4.912502,6.1500025,3.750001,1536.0
13.387489,14.699986,12.149993,1536.0,0.7874597034093743,6144.0,6144,,,,,
11.774994,13.799989,8.550002,1536.0,1.5699294190459023,12288.0,12288,,,,,
12.074993,13.4999895,9.599999,1536.0,2.3456978134387407,18432.0,18432,,,,,
12.224993,12.749991,11.549994,1536.0,3.118832569634763,24576.0,24576,,,,,
10.649997,12.599992,8.4000025,1536.0,3.8866710380877416,30720.0,30720,,,,,
,,,,,,30720,54.75,,,,
,,,,,30720.0,30720,,6.300002,8.250003,3.900001,1536.0
11.774994,13.4999895,9.749999,1536.0,0.7740212427544471,6144.0,6144,,,,,
11.849994,13.949988,9.749999,1536.0,1.5435417080290443,12288.0,12288,,,,,
11.774994,13.049991,10.649997,1536.0,2.306435428475909,18432.0,18432,,,,,
9.899999,12.749991,8.250003,1536.0,3.066383495231413,24576.0,24576,,,,,
12.074993,14.099988,9.150001,1536.0,3.821266380083384,30720.0,30720,,,,,
,,,,,,30720,64.25,,,,
,,,,,30720.0,30720,,4.875002,5.550002,4.2000012,1536.0
12.974991,13.949988,11.549994,1536.0,0.7609595583782578,6144.0,6144,,,,,
11.662495,12.149993,10.3499975,1536.0,1.5173552294571522,12288.0,12288,,,,,
11.512495,12.449992,10.799996,1536.0,2.267960098885181,18432.0,18432,,,,,
9.787498,12.449992,7.2000027,1536.0,3.015259590255721,24576.0,24576,,,,,
11.062496,12.599992,8.4000025,1536.0,3.758502250288604,30720.0,30720,,,,,
,,,,,,30720,26.25,,,,
,,,,,30720.0,30720,,10.574997,12.599992,8.850001,1536.0
12.299993,13.049991,11.699994,1536.0,0.7486840076036355,6144.0,6144,,,,,
9.224998,10.949996,5.5500016,1536.0,1.4929120596892032,12288.0,12288,,,,,
10.124998,12.149993,8.100003,1536.0,2.2304866337512674,18432.0,18432,,,,,
11.174995,13.649989,9.3,1536.0,2.9651694840538867,24576.0,24576,,,,,
3.1125007,3.750001,2.5500002,1536.0,3.697226479744698,30720.0,30720,,,,,
,,,,,,30720,15.0,,,,
,,,,,30720.0,30720,,12.262493,13.34999,9.899999,1536.0
13.012491,14.099988,11.699994,1536.0,0.7365021494178368,6144.0,6144,,,,,
9.487497,12.299993,6.6000023,1536.0,1.4688030325393464,12288.0,12288,,,,,
10.874996,11.399995,10.199998,1536.0,2.19450613377876,18432.0,18432,,,,,
9.074999,11.549994,6.300002,1536.0,2.917697412717913,24576.0,24576,,,,,
9.112501,10.3499975,7.800003,1536.0,3.637466754701718,30720.0,30720,,,,,
,,,,,,30720,46.5,,,,
,,,,,30720.0,30720,,7.537503,8.4000025,5.700002,1536.0
12.374992,14.099988,11.399995,1536.0,0.7246593228374558,6144.0,6144,,,,,
10.3499975,12.449992,8.850001,1536.0,1.4454502509660634,12288.0,12288,,,,,
11.587494,14.549987,9.150001,1536.0,2.160022304066639,18432.0,18432,,,,,
12.262493,13.799989,11.249995,1536.0,2.8725335550939155,24576.0,24576,,,,,
10.799996,11.999993,9.599999,1536.0,3.5815476093499323,30720.0,30720,,,,,
,,,,,,30720,42.75,,,,
,,,,,30720.0,30720,,8.100003,8.4000025,7.8000035,1536.0
12.712492,14.249988,11.549994,1536.0,0.713473964267043,6144.0,6144,,,,,
11.324995,12.899991,10.499997,1536.0,1.4230363487210549,12288.0,12288,,,,,
10.087498,12.149993,9.150001,1536.0,2.127324438288817,18432.0,18432,,,,,
11.174995,14.099988,9.000001,1536.0,2.8287276502644354,24576.0,24576,,,,,
9.1875,9.899999,7.500003,1536.0,3.5265424079161134,30720.0,30720,,,,,
,,,,,,30720,8.25,,,,
,,,,,30720.0,30720,,13.27499,14.399987,10.199998,1536.0
12.337492,13.649989,11.249995,1536.0,0.702455910705997,6144.0,6144,,,,,
9.599998,11.699994,6.150002,1536.0,1.4012244289690354,12288.0,12288,,,,,
12.412493,13.949988,10.949996,1536.0,2.0946586196242043,18432.0,18432,,,,,
10.462497,13.049991,7.350003,1536.0,2.7858542244512035,24576.0,24576,,,,,
12.712492,13.949988,11.849994,1536.0,3.4732093293420228,30720.0,30720,,,,,
,,,,,,30720,41.0,,,,
,,,,,30720.0,30720,,8.362502,10.049998,7.3500032,1536.0
13.162491,13.949988,11.399995,1536.0,0.692121489642649,6144.0,6144,,,,,
9.599999,10.499997,8.700002,1536.0,1.3806178016957673,12288.0,12288,,,,,
6.7500024,7.0500026,6.300002,1536.0,2.064342583575632,18432.0,18432,,,,,
10.274998,11.849994,8.100003,1536.0,2.745638103379872,24576.0,24576,,,,,
13.27499,14.099988,12.149993,1536.0,3.4221579081555658,30720.0,30720,,,,,
,,,,,,30720,15.75,,,,
,,,,,30720.0,30720,,12.149993,13.799989,10.3499975,1536.0
13.12499,14.099988,11.699994,1536.0,0.6818655763437285,6144.0,6144,,,,,
12.299993,14.249988,10.049998,1536.0,1.3601238971527092,12288.0,12288,,,,,
12.524992,14.549987,11.549994,1536.0,2.033554531528108,18432.0,18432,,,,,
12.749991,13.799989,11.999993,1536.0,2.704478617217392,24576.0,24576,,,,,
11.287495,11.849994,10.949996,1536.0,3.372134216616544,30720.0,30720,,,,,
,,,,,,30720,6.25,,,,
,,,,,30720.0,30720,,13.574989,14.549987,12.299993,1536.0
11.849994,13.34999,10.199998,1536.0,0.6718404372374996,6144.0,6144,,,,,
11.7374935,13.049991,9.599999,1536.0,1.3400101186318492,12288.0,12288,,,,,
13.34999,13.949988,12.899991,1536.0,2.0031071507735136,18432.0,18432,,,,,
12.1124935,13.4999895,10.649997,1536.0,2.6633969478016497,24576.0,24576,,,,,
13.08749,14.249988,11.549994,1536.0,3.320980388369712,30720.0,30720,,,,,
,,,,,,30720,6.5,,,,
,,,,,30720.0,30720,,13.537489,14.399987,12.149993,1536.0
13.23749,14.099988,11.999993,1536.0,0.6617221342604397,6144.0,6144,,,,,
11.512495,13.799989,7.950003,1536.0,1.320000372891828,12288.0,12288,,,,,
13.46249,14.399987,12.599992,1536.0,1.9735048238058155,18432.0,18432,,,,,
11.887493,13.049991,10.649997,1536.0,2.62458727534102,24576.0,24576,,,,,
11.699994,13.949988,9.749999,1536.0,3.2723015335270347,30720.0,30720,,,,,
,,,,,,30720,25.5,,,,
,,,,,30720.0,30720,,10.687496,13.34999,9.150001,1536.0
12.562492,13.4999895,11.849994,1536.0,0.6520733880679269,6144.0,6144,,,,,
8.212502,9.3,6.7500024,1536.0,1.3007818153481123,12288.0,12288,,,,,
11.474995,14.549987,9.749999,1536.0,1.9451056179324528,18432.0,18432,,,,,
11.249994,14.099988,7.2000027,1536.0,2.5875105423749227,24576.0,24576,,,,,
10.649997,11.999993,8.850001,1536.0,3.226476333708393,30720.0,30720,,,,,
,,,,,,30720,44.0,,,,
,,,,,30720.0,30720,,7.912503,8.550002,6.750003,1536.0
13.31249,14.399987,12.749991,1536.0,0.6429826160536258,6144.0,6144,,,,,
10.612497,13.34999,9.000001,1536.0,1.282859108774561,12288.0,12288,,,,,
9.3375,11.549994,8.4000025,1536.0,1.9185768853143144,18432.0,18432,,,,,
9.3,11.099996,7.800003,1536.0,2.551649462641202,24576.0,24576,,,,,
10.649997,13.19999,8.550002,1536.0,3.1822704132400257,30720.0,30720,,,,,
,,,,,,30720,53.25,,,,
,,,,,30720.0,30720,,6.5250025,8.4000025,3.900001,1536.0
12.862492,13.19999,12.299993,1536.0,0.634230337666637,6144.0,6144,,,,,
8.700002,9.000001,8.4000025,1536.0,1.265314215969621,12288.0,12288,,,,,
8.175002,8.850001,6.7500024,1536.0,1.8923759563862503,18432.0,18432,,,,,
11.512495,13.949988,9.150001,1536.0,2.5172695403585363,24576.0,24576,,,,,
10.649997,12.299993,8.250003,1536.0,3.138987991331517,30720.0,30720,,,,,
,,,,,,30720,18.0,,,,
,,,,,30720.0,30720,,11.812494,13.799989,10.199998,1536.0
12.824991,13.949988,11.249995,1536.0,0.6255925681165002,6144.0,6144,,,,,
11.174995,13.799989,9.000001,1536.0,1.248067975484021,12288.0,12288,,,,,
12.93749,13.4999895,12.149993,1536.0,1.8658500989188729,18432.0,18432,,,,,
11.999993,13.4999895,11.099996,1536.0,2.48213682634468,24576.0,24576,,,,,
12.674992,13.799989,10.3499975,1536.0,3.095390747634389,30720.0,30720,,,,,
,,,,,,30720,10.0,,,,
,,,,,30720.0,30720,,13.012491,14.099988,11.849994,1536.0
12.562492,13.19999,11.999993,1536.0,0.617012292805134,6144.0,6144,,,,,
12.337492,13.649989,11.399995,1536.0,1.2310697604774556,12288.0,12288,,,,,
11.437494,13.799989,9.3,1536.0,1.8406266726918128,18432.0,18432,,,,,
11.437494,14.099988,10.049998,1536.0,2.4486820577170527,24576.0,24576,,,,,
13.34999,14.249988,12.599992,1536.0,3.05417505325792,30720.0,30720,,,,,
,,,,,,30720,20.75,,,,
,,,,,30720.0,30720,,11.399995,12.299993,10.499997,1536.0
11.962494,13.34999,10.649997,1536.0,0.6088015925696352,6144.0,6144,,,,,
9.937498,11.849994,6.9000025,1536.0,1.214651925407469,12288.0,12288,,,,,
10.499996,13.34999,7.800003,1536.0,1.8163736483881128,18432.0,18432,,,,,
12.299993,13.34999,11.249995,1536.0,2.4163644785938305,24576.0,24576,,,,,
9.749999,12.149993,8.100003,1536.0,3.013494068634889,30720.0,30720,,,,,
,,,,,,30720,26.0,,,,
,,,,,30720.0,30720,,10.612497,11.699994,9.45,1536.0
13.049991,14.549987,11.699994,1536.0,0.6007332819794222,6144.0,6144,,,,,
8.85,10.799996,7.500003,1536.0,1.1987018241807166,12288.0,12288,,,,,
9.150001,10.499997,8.100003,1536.0,1.7929820296127903,18432.0,18432,,,,,
13.537489,13.799989,13.19999,1536.0,2.385474077462844,24576.0,24576,,,,,
7.500002,9.45,5.850002,1536.0,2.974565877892525,30720.0,30720,,,,,
,,,,,,30720,23.5,,,,
,,,,,30720.0,30720,,10.987495,13.19999,7.950003,1536.0
12.299993,12.899991,11.999993,1536.0,0.5928063453931502,6144.0,6144,,,,,
11.062496,11.849994,10.049998,1536.0,1.1830227071617383,12288.0,12288,,,,,
12.412493,13.799989,10.799996,1536.0,1.7690403930204452,18432.0,18432,,,,,
11.287495,13.049991,8.550002,1536.0,2.353652611956842,24576.0,24576,,,,,
12.337492,13.19999,10.499997,1536.0,2.9358194281336893,30720.0,30720,,,,,
,,,,,,30720,21.75,,,,
,,,,,30720.0,30720,,11.249995,11.999993,10.499997,1536.0
12.974991,13.4999895,11.849994,1536.0,0.5851957022245117,6144.0,6144,,,,,
9.224998,10.799996,6.300002,1536.0,1.1676707867901646,12288.0,12288,,,,,
10.312498,11.099996,9.749999,1536.0,1.7467110264863666,18432.0,18432,,,,,
12.487492,13.799989,10.499997,1536.0,2.323926002438208,24576.0,24576,,,,,
10.237497,11.249995,9.45,1536.0,2.89792219368798,30720.0,30720,,,,,
,,,,,,30720,14.0,,,,
,,,,,30720.0,30720,,12.412493,13.19999,10.949996,1536.0
12.074993,12.749991,11.099996,1536.0,0.5775281077806809,6144.0,6144,,,,,
10.312496,14.099988,6.450002,1536.0,1.1524740316804034,12288.0,12288,,,,,
10.574997,11.399995,9.000001,1536.0,1.724005429096634,18432.0,18432,,,,,
10.724997,12.749991,9.3,1536.0,2.2933146378877027,24576.0,24576,,,,,
11.474995,13.949988,8.550002,1536.0,2.860104797593842,30720.0,30720,,,,,
,,,,,,30720,73.75,,,,
,,,,,30720.0,30720,,3.4500008,4.3500013,2.7000003,1536.0
12.449992,13.949988,10.649997,1536.0,0.570276943111091,6144.0,6144,,,,,
9.449998,12.749991,5.4000015,1536.0,1.138202823416686,12288.0,12288,,,,,
8.775002,9.3,8.100003,1536.0,1.7026951501718417,18432.0,18432,,,,,
11.474995,12.749991,10.3499975,1536.0,2.2655199556421226,24576.0,24576,,,,,
10.912497,11.549994,10.049998,1536.0,2.8260237155658485,30720.0,30720,,,,,
,,,,,,30720,21.0,,,,
,,,,,30720.0,30720,,11.362495,14.099988,9.45,1536.0
13.12499,13.949988,12.149993,1536.0,0.5634698615592963,6144.0,6144,,,,,
9.1875,11.399995,7.500003,1536.0,1.124609509370969,12288.0,12288,,,,,
11.474995,12.599992,9.749999,1536.0,1.6821037406083337,18432.0,18432,,,,,
11.062496,12.599992,9.45,1536.0,2.2383432597450703,24576.0,24576,,,,,
13.42499,14.549987,10.949996,1536.0,2.792090076302191,30720.0,30720,,,,,
,,,,,,30720,44.0,,,,
,,,,,30720.0,30720,,7.912503,8.850001,7.200003,1536.0
13.23749,14.249988,11.999993,1536.0,0.5567042241069415,6144.0,6144,,,,,
9.7125,10.949996,8.700002,1536.0,1.1110348582713918,12288.0,12288,,,,,
12.974991,14.249988,11.099996,1536.0,1.6621766727845932,18432.0,18432,,,,,
10.3499975,11.849994,8.700002,1536.0,2.2117861441700293,24576.0,24576,,,,,
10.874996,12.899991,8.550002,1536.0,2.758815912483314,30720.0,30720,,,,,
,,,,,,30720,60.5,,,,
,,,,,30720.0,30720,,5.437502,6.900003,4.050001,1536.0
13.162491,13.649989,12.149993,1536.0,0.5502247621173404,6144.0,6144,,,,,
9.674999,11.399995,7.500003,1536.0,1.0981857766055254,12288.0,12288,,,,,
12.1124935,14.099988,10.049998,1536.0,1.6429943514957872,18432.0,18432,,,,,
12.074993,13.649989,10.3499975,1536.0,2.1860825543611315,24576.0,24576,,,,,
11.812494,12.899991,10.199998,1536.0,2.727468208959854,30720.0,30720,,,,,
,,,,,,30720,45.25,,,,
,,,,,30720.0,30720,,7.7250023,8.700002,6.900003,1536.0
12.224993,13.34999,9.599999,1536.0,0.5437675693784525,6144.0,6144,,,,,
9.412499,11.849994,7.350003,1536.0,1.0853152743778836,12288.0,12288,,,,,
11.249995,13.799989,9.749999,1536.0,1.6235076241844644,18432.0,18432,,,,,
9.037498,13.949988,6.300002,1536.0,2.160322682043088,24576.0,24576,,,,,
10.3499975,10.949996,9.749999,1536.0,2.6948916209332627,30720.0,30720,,,,,
,,,,,,30720,42.25,,,,
,,,,,30720.0,30720,,8.175003,9.150001,7.6500034,1536.0
11.9249935,13.34999,9.899999,1536.0,0.537409048593033,6144.0,6144,,,,,
10.012499,11.249995,9.000001,1536.0,1.072511447880674,12288.0,12288,,,,,
11.437494,13.649989,9.000001,1536.0,1.604346725480695,18432.0,18432,,,,,
12.337492,14.099988,10.649997,1536.0,2.1350659815083626,24576.0,24576,,,,,
13.012491,14.249988,11.699994,1536.0,2.66349513750175,30720.0,30720,,,,,
,,,,,,30720,9.75,,,,
,,,,,30720.0,30720,,13.049991,14.099988,11.399995,1536.0
12.824991,14.249988,11.549994,1536.0,0.5310939319774535,6144.0,6144,,,,,
11.137495,12.149993,8.250003,1536.0,1.060063141426041,12288.0,12288,,,,,
9.45,10.649997,8.4000025,1536.0,1.586269143985826,18432.0,18432,,,,,
11.699994,12.749991,9.45,1536.0,2.110946032315198,24576.0,24576,,,,,
11.474995,12.899991,10.3499975,1536.0,2.6333412194525274,30720.0,30720,,,,,
,,,,,,30720,45.25,,,,
,,,,,30720.0,30720,,7.725003,8.550002,7.3500032,1536.0
13.34999,14.399987,12.749991,1536.0,0.5251005132757918,6144.0,6144,,,,,
8.4375,11.249995,6.000002,1536.0,1.0482258414352918,12288.0,12288,,,,,
9.974998,11.249995,8.250003,1536.0,1.5685485378492885,18432.0,18432,,,,,
11.324995,12.449992,10.049998,1536.0,2.087377577233293,24576.0,24576,,,,,
12.524992,13.049991,11.399995,1536.0,2.603980237295636,30720.0,30720,,,,,
,,,,,,30720,25.0,,,,
,,,,,30720.0,30720,,10.762497,12.299993,9.000001,1536.0
13.27499,13.949988,11.699994,1536.0,0.5193082086200409,6144.0,6144,,,,,
9.674999,10.649997,8.550002,1536.0,1.0365714239736783,12288.0,12288,,,,,
12.224993,13.799989,10.649997,1536.0,1.550497828484667,18432.0,18432,,,,,
10.949996,13.4999895,9.150001,1536.0,2.0632977740183978,24576.0,24576,,,,,
9.5625,10.799996,8.550002,1536.0,2.5738452473365654,30720.0,30720,,,,,
,,,,,,30720,36.75,,,,
,,,,,30720.0,30720,,9.000001,9.749999,8.4000025,1536.0
13.27499,13.949988,12.449992,1536.0,0.513334319972342,6144.0,6144,,,,,
10.237497,12.749991,7.650003,1536.0,1.0245510103847202,12288.0,12288,,,,,
12.299993,13.799989,11.399995,1536.0,1.5319862217284166,18432.0,18432,,,,,
11.812494,13.799989,10.649997,1536.0,2.0388228560099333,24576.0,24576,,,,,
11.024996,14.249988,8.250003,1536.0,2.543714316390451,30720.0,30720,,,,,
,,,,,,30720,84.0,,,,
,,,,,30720.0,30720,,1.9125,2.5500002,1.3499999,1536.0
11.287495,12.299993,9.749999,1536.0,0.507432922224751,6144.0,6144,,,,,
9.1875,12.149993,7.650003,1536.0,1.0127382654625152,12288.0,12288,,,,,
11.887493,13.34999,10.799996,1536.0,1.5155401314157642,18432.0,18432,,,,,
10.987495,13.4999895,8.250003,1536.0,2.016934296658202,24576.0,24576,,,,,
10.537497,13.799989,7.650003,1536.0,2.5163949669530474,30720.0,30720,,,,,
,,,,,,30720,38.75,,,,
,,,,,30720.0,30720,,8.700001,10.3499975,7.200003,1536.0
12.262493,13.19999,10.649997,1536.0,0.5019039074212674,6144.0,6144,,,,,
8.662499,11.999993,6.7500024,1536.0,1.001812561469817,12288.0,12288,,,,,
11.587494,13.34999,9.45,1536.0,1.4990390132347688,18432.0,18432,,,,,
9.749999,11.099996,8.100003,1536.0,1.9950129253176347,24576.0,24576,,,,,
11.624994,12.899991,9.150001,1536.0,2.488988602401868,30720.0,30720,,,,,
,,,,,,30720,45.25,,,,
,,,,,30720.0,30720,,7.7250023,9.000001,6.900003,1536.0
12.787491,13.19999,11.999993,1536.0,0.4964424403220773,6144.0,6144,,,,,
11.437494,13.649989,9.150001,1536.0,0.9909281201203508,12288.0,12288,,,,,
12.637491,13.799989,11.699994,1536.0,1.482718368888182,18432.0,18432,,,,,
8.775,12.449992,7.0500026,1536.0,1.97337994733938,24576.0,24576,,,,,
11.849994,13.049991,11.099996,1536.0,2.462186956560097,30720.0,30720,,,,,
,,,,,,30720,46.75,,,,
,,,,,30720.0,30720,,7.500003,8.700002,6.600003,1536.0
12.412493,13.34999,11.549994,1536.0,0.4910964274676943,6144.0,6144,,,,,
11.7374935,13.34999,10.199998,1536.0,0.9802738770751254,12288.0,12288,,,,,
9.3,9.899999,8.4000025,1536.0,1.467043215186979,18432.0,18432,,,,,
11.962494,13.649989,10.049998,1536.0,1.9526338053285155,24576.0,24576,,,,,
9.3375,10.049998,8.550002,1536.0,2.43642396985043,30720.0,30720,,,,,
,,,,,,30720,54.0,,,,
,,,,,30720.0,30720,,6.4125023,7.650003,5.400002,1536.0
13.687489,14.699986,12.599992,1536.0,0.4859135721842022,6144.0,6144,,,,,
10.762497,12.749991,9.000001,1536.0,0.9700411936105212,12288.0,12288,,,,,
11.474995,11.999993,10.799996,1536.0,1.451774015276441,18432.0,18432,,,,,
8.775,12.449992,4.9500012,1536.0,1.932013609574827,24576.0,24576,,,,,
8.512501,11.699994,6.6000023,1536.0,2.410552241989502,30720.0,30720,,,,,
,,,,,,30720,31.25,,,,
,,,,,30720.0,30720,,9.824999,11.099996,8.250003,1536.0
12.974991,14.549987,11.399995,1536.0,0.4807796666382056,6144.0,6144,,,,,
9.487499,11.999993,7.950003,1536.0,0.9597202619470678,12288.0,12288,,,,,
13.537489,14.699986,12.599992,1536.0,1.43637139945604,18432.0,18432,,,,,
12.149993,13.649989,11.249995,1536.0,1.9116992914877755,24576.0,24576,,,,,
11.249995,12.599992,8.100003,1536.0,2.3852284380833018,30720.0,30720,,,,,
,,,,,,30720,65.0,,,,
,,,,,30720.0,30720,,4.7625017,5.400002,4.2000012,1536.0
12.712492,13.649989,11.099996,1536.0,0.4758849365079186,6144.0,6144,,,,,
9.749999,10.949996,8.700002,1536.0,0.95007499480599,12288.0,12288,,,,,
10.237497,11.699994,8.850001,1536.0,1.4220438005991598,18432.0,18432,,,,,
12.187492,13.949988,9.3,1536.0,1.8928302350640545,24576.0,24576,,,,,
10.987495,13.34999,8.850001,1536.0,2.361751432687842,30720.0,30720,,,,,
,,,,,,30720,12.5,,,,
,,,,,30720.0,30720,,12.637491,14.099988,9.599999,1536.0
13.049991,13.4999895,12.749991,1536.0,0.4711001434874503,6144.0,6144,,,,,
9.749999,12.749991,7.950003,1536.0,0.9403163502133878,12288.0,12288,,,,,
8.437502,9.45,7.200003,1536.0,1.407470923678,18432.0,18432,,,,,
10.124997,13.949988,7.0500026,1536.0,1.873518695515164,24576.0,24576,,,,,
11.812494,13.19999,9.45,1536.0,2.337538574723305,30720.0,30720,,,,,
,,,,,,30720,34.5,,,,
,,,,,30720.0,30720,,9.3375,10.949996,8.4000025,1536.0
12.524992,13.949988,11.099996,1536.0,0.4663049921019663,6144.0,6144,,,,,
11.9249935,13.799989,10.049998,1536.0,0.9308505873113576,12288.0,12288,,,,,
11.699994,13.949988,9.899999,1536.0,1.3927436008760283,18432.0,18432,,,,,
6.8250027,7.650003,5.4000015,1536.0,1.8538095934621808,24576.0,24576,,,,,
11.699994,12.449992,10.949996,1536.0,2.313182683731981,30720.0,30720,,,,,
,,,,,,30720,19.25,,,,
,,,,,30720.0,30720,,11.624994,12.599992,10.649997,1536.0
12.449992,13.949988,10.3499975,1536.0,0.4614757572446824,6144.0,6144,,,,,
12.524992,13.4999895,11.699994,1536.0,0.9213117077904384,12288.0,12288,,,,,
10.462498,11.399995,9.749999,1536.0,1.3791840347695117,18432.0,18432,,,,,
10.912497,13.649989,8.700002,1536.0,1.8356721541185728,24576.0,24576,,,,,
9.937498,10.3499975,9.150001,1536.0,2.2907875818577,30720.0,30720,,,,,
,,,,,,30720,28.5,,,,
,,,,,30720.0,30720,,10.237497,10.649997,9.749999,1536.0
12.562492,14.549987,10.799996,1536.0,0.456976968498088,6144.0,6144,,,,,
9.674997,13.049991,5.5500016,1536.0,0.9123480868700502,12288.0,12288,,,,,
11.099996,13.649989,9.3,1536.0,1.36559759155299,18432.0,18432,,,,,
12.862492,13.799989,11.549994,1536.0,1.8175555196105404,24576.0,24576,,,,,
13.687489,14.549987,12.599992,1536.0,2.267583104065444,30720.0,30720,,,,,
,,,,,,30720,51.0,,,,
,,,,,30720.0,30720,,6.862503,7.3500032,5.8500023,1536.0
12.749991,13.649989,10.799996,1536.0,0.4523879108200433,6144.0,6144,,,,,
11.399995,13.19999,7.950003,1536.0,0.9030132460937176,12288.0,12288,,,,,
9.15,11.399995,6.450002,1536.0,1.3516247036787017,18432.0,18432,,,,,
11.024996,12.299993,9.749999,1536.0,1.799211424802445,24576.0,24576,,,,,
10.237497,11.099996,9.599999,1536.0,2.24549034252712,30720.0,30720,,,,,
,,,,,,30720,32.0,,,,
,,,,,30720.0,30720,,9.712499,10.799996,7.3500032,1536.0
12.899991,13.949988,11.249995,1536.0,0.4479523119827621,6144.0,6144,,,,,
11.887493,13.649989,9.749999,1536.0,0.894384498978485,12288.0,12288,,,,,
11.887493,13.19999,10.3499975,1536.0,1.3388124546046345,18432.0,18432,,,,,
8.625002,9.899999,7.350003,1536.0,1.7822700826481634,24576.0,24576,,,,,
11.9249935,13.649989,10.049998,1536.0,2.223807248956809,30720.0,30720,,,,,
,,,,,,30720,43.75,,,,
,,,,,30720.0,30720,,7.9500012,9.749999,6.1500025,1536.0
12.637491,13.649989,11.399995,1536.0,0.4436222822887041,6144.0,6144,,,,,
9.374999,11.849994,6.9000025,1536.0,0.8857757421340753,12288.0,12288,,,,,
11.774994,12.449992,10.799996,1536.0,1.3256275086554288,18432.0,18432,,,,,
9.862498,11.549994,7.650003,1536.0,1.7647157328504404,24576.0,24576,,,,,
10.912497,12.599992,9.599999,1536.0,2.202348520888948,30720.0,30720,,,,,
,,,,,,30720,84.25,,,,
,,,,,30720.0,30720,,1.8749999,2.1,1.4999999,1536.0
13.387489,14.549987,12.599992,1536.0,0.4394962517450603,6144.0,6144,,,,,
9.0375,11.399995,7.350003,1536.0,0.8776038666604389,12288.0,12288,,,,,
11.512495,12.899991,9.3,1536.0,1.3137598653145817,18432.0,18432,,,,,
10.574997,13.19999,8.100003,1536.0,1.748903858954486,24576.0,24576,,,,,
10.124998,11.549994,9.000001,1536.0,2.1828056821730466,30720.0,30720,,,,,
,,,,,,30720,7.25,,,,
,,,,,30720.0,30720,,13.42499,14.699986,12.299993,1536.0
12.93749,13.649989,11.699994,1536.0,0.4354506288550446,6144.0,6144,,,,,
10.649997,11.699994,9.3,1536.0,0.8695066353375713,12288.0,12288,,,,,
12.712492,14.249988,10.199998,1536.0,1.3013760959648497,18432.0,18432,,,,,
10.687496,13.4999895,6.9000025,1536.0,1.7323907715548326,24576.0,24576,,,,,
12.899991,13.4999895,11.699994,1536.0,2.161742795851945,30720.0,30720,,,,,
,,,,,,30720,9.0,,,,
,,,,,30720.0,30720,,13.162491,14.849986,11.849994,1536.0
13.42499,14.399987,11.399995,1536.0,0.4313180525572762,6144.0,6144,,,,,
9.749999,12.449992,7.950003,1536.0,0.8611974118242062,12288.0,12288,,,,,
12.412493,13.34999,10.799996,1536.0,1.2890495801243809,18432.0,18432,,,,,
11.9249935,13.19999,9.150001,1536.0,1.7159190532971689,24576.0,24576,,,,,
13.27499,14.699986,11.249995,1536.0,2.14150693791334,30720.0,30720,,,,,
,,,,,,30720,61.75,,,,
,,,,,30720.0,30720,,5.250002,6.0000024,4.3500013,1536.0
13.12499,14.099988,11.999993,1536.0,0.4272685268900192,6144.0,6144,,,,,
10.312498,13.799989,8.250003,1536.0,0.8529996694472795,12288.0,12288,,,,,
12.374992,13.34999,10.949996,1536.0,1.2768090372658911,18432.0,18432,,,,,
12.074993,14.249988,9.599999,1536.0,1.699511733118412,24576.0,24576,,,,,
11.699994,13.19999,9.599999,1536.0,2.121110410053705,30720.0,30720,,,,,
,,,,,,30720,16.5,,,,
,,,,,30720.0,30720,,12.037493,13.649989,9.150001,1536.0
12.1124935,13.4999895,10.949996,1536.0,0.4232101620386526,6144.0,6144,,,,,
9.787498,11.999993,7.500003,1536.0,0.8450637891816845,12288.0,12288,,,,,
12.93749,13.799989,11.999993,1536.0,1.264854588334204,18432.0,18432,,,,,
10.274998,12.599992,8.550002,1536.0,1.6840088309520218,24576.0,24576,,,,,
11.362495,12.899991,9.3,1536.0,2.1014019827972423,30720.0,30720,,,,,
,,,,,,30720,55.0,,,,
,,,,,30720.0,30720,,6.2625027,7.5000033,5.250002,1536.0
13.537489,14.549987,12.749991,1536.0,0.4192952891527023,6144.0,6144,,,,,
10.574997,12.899991,9.599999,1536.0,0.8373311922993814,12288.0,12288,,,,,
11.512495,12.149993,10.499997,1536.0,1.2536027103358371,18432.0,18432,,,,,
13.4999895,14.249988,13.049991,1536.0,1.668826719883467,24576.0,24576,,,,,
10.124998,11.399995,9.45,1536.0,2.0828886811703446,30720.0,30720,,,,,
,,,,,,30720,23.5,,,,
,,,,,30720.0,30720,,10.987495,13.34999,8.550002,1536.0
13.08749,13.649989,12.149993,1536.0,0.415630222659568,6144.0,6144,,,,,
11.812494,13.649989,9.899999,1536.0,0.8299005852557512,12288.0,12288,,,,,
10.499996,13.049991,7.2000027,1536.0,1.2424357059255724,18432.0,18432,,,,,
9.937498,12.449992,8.4000025,1536.0,1.6540680399639751,24576.0,24576,,,,,
11.362495,13.19999,9.599999,1536.0,2.064214205518196,30720.0,30720,,,,,
,,,,,,30720,36.75,,,,
,,,,,30720.0,30720,,9.0,10.049998,7.5000033,1536.0
12.93749,14.399987,10.799996,1536.0,0.4118949274271917,6144.0,6144,,,,,
11.7374935,13.34999,10.499997,1536.0,0.8224892144296002,12288.0,12288,,,,,
11.7374935,13.799989,10.499997,1536.0,1.231135362082289,18432.0,18432,,,,,
11.324995,12.149993,10.499997,1536.0,1.6390037737754968,24576.0,24576,,,,,
10.424997,14.399987,8.700002,1536.0,2.0457087771646747,30720.0,30720,,,,,
,,,,,,30720,67.75,,,,
,,,,,30720.0,30720,,4.3500013,5.550002,2.8500004,1536.0
13.12499,14.399987,11.999993,1536.0,0.4081820150501486,6144.0,6144,,,,,
11.962494,12.749991,9.899999,1536.0,0.8150210365681206,12288.0,12288,,,,,
12.862492,13.649989,11.999993,1536.0,1.220100412172799,18432.0,18432,,,,,
9.299999,10.649997,7.0500026,1536.0,1.624361209328644,24576.0,24576,,,,,
13.34999,14.399987,12.149993,1536.0,2.02721465718166,30720.0,30720,,,,,
,,,,,,30720,13.75,,,,
,,,,,30720.0,30720,,12.449992,13.19999,11.999993,1536.0
13.912489,14.549987,13.34999,1536.0,0.4045166085516684,6144.0,6144,,,,,
12.149993,13.4999895,9.599999,1536.0,0.8076928793642792,12288.0,12288,,,,,
9.262501,10.049998,8.700002,1536.0,1.2089825666014566,18432.0,18432,,,,,
13.387489,14.249988,11.699994,1536.0,1.609541588691129,24576.0,24576,,,,,
9.937498,11.099996,9.3,1536.0,2.0089836184109195,30720.0,30720,,,,,
,,,,,,30720,28.75,,,,
,,,,,30720.0,30720,,10.199998,12.749991,7.800003,1536.0
12.974991,13.4999895,12.599992,1536.0,0.4009010347188664,6144.0,6144,,,,,
10.649997,12.899991,7.800003,1536.0,0.8005233279986788,12288.0,12288,,,,,
10.424997,12.599992,7.350003,1536.0,1.1981408568025973,18432.0,18432,,,,,
11.249995,12.899991,9.599999,1536.0,1.595104314900759,24576.0,24576,,,,,
9.337498,12.599992,5.850002,1536.0,1.990953296052448,30720.0,30720,,,,,
,,,,,,30720,17.0,,,,
,,,,,30720.0,30720,,11.962494,13.4999895,10.949996,1536.0
13.4999895,14.099988,13.19999,1536.0,0.3972951667699248,6144.0,6144,,,,,
8.062502,9.000001,6.9000025,1536.0,0.7934311834092612,12288.0,12288,,,,,
12.787491,13.4999895,12.299993,1536.0,1.187939022510722,18432.0,18432,,,,,
10.612497,12.899991,8.550002,1536.0,1.581478352831298,24576.0,24576,,,,,
11.624994,13.049991,10.3499975,1536.0,1.9739539174416096,30720.0,30720,,,,,
,,,,,,30720,51.25,,,,
,,,,,30720.0,30720,,6.8250027,7.950003,6.3000026,1536.0
12.449992,14.249988,9.599999,1536.0,0.3939563726949537,6144.0,6144,,,,,
10.274998,12.899991,8.250003,1536.0,0.7867365240583711,12288.0,12288,,,,,
11.549994,12.599992,10.3499975,1536.0,1.1778048373607786,18432.0,18432,,,,,
9.637499,10.499997,8.700002,1536.0,1.5682272265790491,24576.0,24576,,,,,
12.037493,13.049991,9.749999,1536.0,1.95744321197708,30720.0,30720,,,,,
,,,,,,30720,24.5,,,,
,,,,,30720.0,30720,,10.837496,12.449992,8.700002,1536.0
12.449992,13.34999,10.649997,1536.0,0.390591740823586,6144.0,6144,,,,,
8.475002,9.45,7.500003,1536.0,0.7799946139476005,12288.0,12288,,,,,
11.849994,13.19999,10.199998,1536.0,1.1676593284672852,18432.0,18432,,,,,
10.649996,13.34999,7.500003,1536.0,1.5547436322766492,24576.0,24576,,,,,
10.049998,10.799996,8.700002,1536.0,1.940643252244998,30720.0,30720,,,,,
,,,,,,30720,16.25,,,,
,,,,,30720.0,30720,,12.074993,13.049991,11.249995,1536.0
12.712492,14.249988,11.249995,1536.0,0.3873189135827317,6144.0,6144,,,,,
11.324995,11.999993,10.799996,1536.0,0.7734943479897941,12288.0,12288,,,,,
8.587502,10.199998,7.500003,1536.0,1.1578689606731127,18432.0,18432,,,,,
11.774994,12.599992,11.249995,1536.0,1.5415526838124942,24576.0,24576,,,,,
10.649997,13.049991,9.150001,1536.0,1.924192001872496,30720.0,30720,,,,,
,,,,,,30720,38.25,,,,
,,,,,30720.0,30720,,8.775002,9.599999,7.200003,1536.0
13.08749,13.799989,12.149993,1536.0,0.3840378723841671,6144.0,6144,,,,,
10.162498,11.999993,9.000001,1536.0,0.7669187004487577,12288.0,12288,,,,,
12.487492,12.899991,12.149993,1536.0,1.1482443626509158,18432.0,18432,,,,,
11.474995,12.149993,11.099996,1536.0,1.5290237984488957,24576.0,24576,,,,,
10.537497,12.749991,8.550002,1536.0,1.908492479035203,30720.0,30720,,,,,
,,,,,,30720,18.25,,,,
,,,,,30720.0,30720,,11.774994,13.19999,10.949996,1536.0
12.824991,14.699986,11.699994,1536.0,0.3808836571518718,6144.0,6144,,,,,
10.274998,11.699994,8.250003,1536.0,0.7606159828232517,12288.0,12288,,,,,
12.1124935,13.34999,11.399995,1536.0,1.1386859840122403,18432.0,18432,,,,,
12.899991,13.34999,11.999993,1536.0,1.5161620585838549,24576.0,24576,,,,,
9.712498,12.599992,6.6000023,1536.0,1.8924937490021607,30720.0,30720,,,,,
,,,,,,30720,39.5,,,,
,,,,,30720.0,30720,,8.587502,10.3499975,6.750003,1536.0
12.637491,13.19999,11.999993,1536.0,0.3777507035698808,6144.0,6144,,,,,
9.824999,10.199998,9.599999,1536.0,0.754404441642051,12288.0,12288,,,,,
11.624994,12.899991,10.199998,1536.0,1.1295839930454217,18432.0,18432,,,,,
12.1124935,13.799989,9.749999,1536.0,1.5038831803244808,24576.0,24576,,,,,
9.899998,13.19999,6.300002,1536.0,1.8771773780025909,30720.0,30720,,,,,
,,,,,,30720,22.0,,,,
,,,,,30720.0,30720,,11.212496,12.449992,9.3,1536.0
11.9249935,13.34999,9.45,1536.0,0.374686358162579,6144.0,6144,,,,,
8.812499,12.599992,6.450002,1536.0,0.7483466674928321,12288.0,12288,,,,,
9.787498,11.249995,7.2000027,1536.0,1.1204096891808597,18432.0,18432,,,,,
13.012491,14.099988,11.699994,1536.0,1.491883423970418,24576.0,24576,,,,,
8.625,12.149993,6.7500024,1536.0,1.8622091051025336,30720.0,30720,,,,,
,,,,,,30720,56.0,,,,
,,,,,30720.0,30720,,6.1125026,6.4500027,5.700002,1536.0
12.224993,13.649989,10.499997,1536.0,0.3716443546879016,6144.0,6144,,,,,
11.212496,12.899991,9.45,1536.0,0.7421676625755466,12288.0,12288,,,,,
11.024996,12.149993,9.45,1536.0,1.1112939475641046,18432.0,18432,,,,,
8.700002,9.45,8.100003,1536.0,1.4796773188932972,24576.0,24576,,,,,
12.862492,13.799989,10.649997,1536.0,1.847037487372372,30720.0,30720,,,,,
,,,,,,30720,17.5,,,,
,,,,,30720.0,30720,,11.887493,14.099988,9.3,1536.0
12.487492,13.049991,11.849994,1536.0,0.3686274221998797,6144.0,6144,,,,,
8.437499,11.849994,5.4000015,1536.0,0.7361292726493338,12288.0,12288,,,,,
11.024996,12.899991,7.500003,1536.0,1.102051468007713,18432.0,18432,,,,,
12.374992,13.799989,10.649997,1536.0,1.4673950536255709,24576.0,24576,,,,,
10.649997,12.299993,7.950003,1536.0,1.831532094049476,30720.0,30720,,,,,
,,,,,,30720,38.0,,,,
,,,,,30720.0,30720,,8.8125,9.899999,6.750003,1536.0
12.599992,13.799989,10.649997,1536.0,0.3655672566220956,6144.0,6144,,,,,
9.412498,11.549994,6.300002,1536.0,0.730078867021859,12288.0,12288,,,,,
10.012499,11.099996,8.850001,1536.0,1.0931756119469682,18432.0,18432,,,,,
7.650003,7.950003,7.2000027,1536.0,1.455537432197937,24576.0,24576,,,,,
11.024996,12.149993,10.3499975,1536.0,1.816854449907097,30720.0,30720,,,,,
,,,,,,30720,81.75,,,,
,,,,,30720.0,30720,,2.25,2.8500004,1.8,1536.0
13.27499,14.399987,11.999993,1536.0,0.3626271064529928,6144.0,6144,,,,,
9.074999,11.099996,6.300002,1536.0,0.7242434117916574,12288.0,12288,,,,,
10.987495,12.449992,9.749999,1536.0,1.0845276977237432,18432.0,18432,,,,,
12.712492,13.649989,11.699994,1536.0,1.4441962384460176,24576.0,24576,,,,,
11.849994,13.19999,9.749999,1536.0,1.8026972614726056,30720.0,30720,,,,,
,,,,,,30720,38.0,,,,
,,,,,30720.0,30720,,8.8125,10.199998,7.050003,1536.0
13.31249,14.549987,11.249995,1536.0,0.3597987540684766,6144.0,6144,,,,,
9.599998,11.999993,7.350003,1536.0,0.7185882326497869,12288.0,12288,,,,,
13.574989,14.549987,12.899991,1536.0,1.075923042073546,18432.0,18432,,,,,
10.124998,12.149993,7.500003,1536.0,1.43259204331611,24576.0,24576,,,,,
10.837496,12.449992,8.4000025,1536.0,1.788176717093232,30720.0,30720,,,,,
,,,,,,30720,10.5,,,,
,,,,,30720.0,30720,,12.93749,13.4999895,12.299993,1536.0
13.162491,13.799989,12.149993,1536.0,0.3569186754914746,6144.0,6144,,,,,
9.637499,11.399995,8.850001,1536.0,0.7128584431321396,12288.0,12288,,,,,
9.374998,12.299993,6.450002,1536.0,1.0673043286145452,18432.0,18432,,,,,
11.024996,12.599992,7.650003,1536.0,1.421186435235209,24576.0,24576,,,,,
10.949995,13.649989,6.9000025,1536.0,1.774161852562116,30720.0,30720,,,,,
,,,,,,30720,10.75,,,,
,,,,,30720.0,30720,,12.899991,14.249988,10.649997,1536.0
12.149993,13.949988,10.049998,1536.0,0.3541491742162576,6144.0,6144,,,,,
10.687496,13.949988,8.100003,1536.0,0.7073463174370401,12288.0,12288,,,,,
11.437494,12.749991,10.799996,1536.0,1.0592228127295569,18432.0,18432,,,,,
12.787491,13.799989,10.499997,1536.0,1.410343379513629,24576.0,24576,,,,,
12.262493,14.249988,10.499997,1536.0,1.7603946403867774,30720.0,30720,,,,,
,,,,,,30720,49.25,,,,
,,,,,30720.0,30720,,7.125003,8.250003,5.700002,1536.0
12.899991,14.099988,11.699994,1536.0,0.3513819659137865,6144.0,6144,,,,,
10.312498,12.299993,8.550002,1536.0,0.7017272470169317,12288.0,12288,,,,,
12.187492,13.049991,10.199998,1536.0,1.0508621050269018,18432.0,18432,,,,,
11.549994,13.949988,10.199998,1536.0,1.3994486097687855,24576.0,24576,,,,,
11.437494,13.34999,10.3499975,1536.0,1.7470996639642735,30720.0,30720,,,,,
,,,,,,30720,27.5,,,,
,,,,,30720.0,30720,,10.387497,11.849994,8.700002,1536.0
12.562492,13.4999895,10.799996,1536.0,0.3487321249832713,6144.0,6144,,,,,
10.762497,11.399995,10.3499975,1536.0,0.6965403655168872,12288.0,12288,,,,,
11.249995,12.599992,9.45,1536.0,1.0430155101786858,18432.0,18432,,,,,
12.262493,13.049991,11.399995,1536.0,1.388876578230698,24576.0,24576,,,,,
10.312498,10.949996,9.000001,1536.0,1.733585614363543,30720.0,30720,,,,,
,,,,,,30720,60.75,,,,
,,,,,30720.0,30720,,5.400002,7.9500036,4.050001,1536.0
12.412493,13.4999895,10.499997,1536.0,0.3460340407760549,6144.0,6144,,,,,
11.062496,12.899991,9.3,1536.0,0.6911488043142651,12288.0,12288,,,,,
12.1124935,13.649989,9.3,1536.0,1.0348552276098373,18432.0,18432,,,,,
8.7375,11.699994,7.0500026,1536.0,1.37811528034112,24576.0,24576,,,,,
11.362495,12.899991,10.049998,1536.0,1.7204865074919915,30720.0,30720,,,,,
,,,,,,30720,18.75,,,,
,,,,,30720.0,30720,,11.699994,12.749991,9.45,1536.0
13.19999,14.699986,11.849994,1536.0,0.3434165904055762,6144.0,6144,,,,,
8.025002,9.000001,6.9000025,1536.0,0.6859715351316598,12288.0,12288,,,,,
9.487499,11.099996,7.2000027,1536.0,1.027282241400509,18432.0,18432,,,,,
10.087498,11.699994,8.550002,1536.0,1.3679968980985102,24576.0,24576,,,,,
7.9500017,9.749999,5.850002,1536.0,1.7079073083677203,30720.0,30720,,,,,
,,,,,,30720,18.5,,,,
,,,,,30720.0,30720,,11.7374935,13.649989,9.150001,1536.0
13.387489,14.099988,12.599992,1536.0,0.3408997813591576,6144.0,6144,,,,,
12.449992,13.34999,11.699994,1536.0,0.6808084749511708,12288.0,12288,,,,,
13.61249,14.399987,12.599992,1536.0,1.0194506896133249,18432.0,18432,,,,,
9.599999,10.499997,8.4000025,1536.0,1.3575311700796877,24576.0,24576,,,,,
10.799996,14.099988,8.4000025,1536.0,1.6948081037283111,30720.0,30720,,,,,
,,,,,,30720,49.5,,,,
,,,,,30720.0,30720,,7.087503,7.6500034,6.4500027,1536.0
12.412493,13.049991,11.399995,1536.0,0.3383074816945777,6144.0,6144,,,,,
11.287495,13.949988,7.950003,1536.0,0.675795252178426,12288.0,12288,,,,,
12.637491,13.4999895,10.3499975,1536.0,1.012041332650394,18432.0,18432,,,,,
10.612497,13.949988,8.4000025,1536.0,1.3478732288639668,24576.0,24576,,,,,
9.374999,12.149993,7.0500026,1536.0,1.682727890852454,30720.0,30720,,,,,
,,,,,,30720,28.0,,,,
,,,,,30720.0,30720,,10.312498,11.849994,9.150001,1536.0
12.374992,13.649989,11.549994,1536.0,0.3359217172691724,6144.0,6144,,,,,
10.049998,10.799996,9.45,1536.0,0.6709266865588338,12288.0,12288,,,,,
13.049991,13.799989,12.149993,1536.0,1.0047382716497757,18432.0,18432,,,,,
9.375,10.799996,7.650003,1536.0,1.337996396907722,24576.0,24576,,,,,
12.712492,14.549987,10.049998,1536.0,1.670381458939648,30720.0,30720,,,,,
,,,,,,30720,22.75,,,,
,,,,,30720.0,30720,,11.099996,12.599992,9.899999,1536.0
12.93749,14.249988,11.699994,1536.0,0.3334499513520926,6144.0,6144,,,,,
10.762497,12.149993,9.150001,1536.0,0.6660329797659534,12288.0,12288,,,,,
12.749991,13.34999,12.299993,1536.0,0.9974412717406942,18432.0,18432,,,,,
12.487492,14.099988,10.799996,1536.0,1.3282638270723366,24576.0,24576,,,,,
9.674999,11.699994,8.4000025,1536.0,1.6581183729173743,30720.0,30720,,,,,
,,,,,,30720,74.25,,,,
,,,,,30720.0,30720,,3.3750007,4.2000012,3.0000005,1536.0
12.862492,13.049991,12.599992,1536.0,0.3310369516709446,6144.0,6144,,,,,
11.7374935,13.799989,9.150001,1536.0,0.6612339012114702,12288.0,12288,,,,,
10.874996,12.449992,9.3,1536.0,0.990315950088728,18432.0,18432,,,,,
12.1124935,12.749991,11.249995,1536.0,1.3187808873237117,24576.0,24576,,,,,
8.962499,11.849994,5.1000013,1536.0,1.646547785205575,30720.0,30720,,,,,
,,,,,,30720,38.5,,,,
,,,,,30720.0,30720,,8.737501,9.45,7.9500036,1536.0
12.599992,13.19999,11.999993,1536.0,0.328694855239667,6144.0,6144,,,,,
11.399995,13.799989,9.000001,1536.0,0.6565670547353202,12288.0,12288,,,,,
10.537497,11.849994,7.950003,1536.0,0.983245923594464,18432.0,18432,,,,,
12.862492,13.799989,10.199998,1536.0,1.3094562643472816,24576.0,24576,,,,,
10.124998,12.449992,9.150001,1536.0,1.634800393573444,30720.0,30720,,,,,
,,,,,,30720,43.5,,,,
,,,,,30720.0,30720,,7.987503,8.550002,7.3500032,1536.0
13.34999,14.549987,12.599992,1536.0,0.3263426000714818,6144.0,6144,,,,,
10.312498,11.549994,8.850001,1536.0,0.6518661489949481,12288.0,12288,,,,,
12.599992,14.399987,10.799996,1536.0,0.9761498624094854,18432.0,18432,,,,,
11.812494,14.249988,8.850001,1536.0,1.2999475195725112,24576.0,24576,,,,,
10.162498,13.649989,7.950003,1536.0,1.6228877042583312,30720.0,30720,,,,,
,,,,,,30720,47.25,,,,
,,,,,30720.0,30720,,7.425,11.549994,2.8500004,1536.0
12.524992,13.799989,11.399995,1536.0,0.3240113557673938,6144.0,6144,,,,,
9.487499,11.699994,6.7500024,1536.0,0.647256852665243,12288.0,12288,,,,,
11.549994,13.949988,10.049998,1536.0,0.9694429072053556,18432.0,18432,,,,,
11.249995,12.599992,9.599999,1536.0,1.2910673770225458,24576.0,24576,,,,,
13.049991,13.799989,12.599992,1536.0,1.6119320421008267,30720.0,30720,,,,,
,,,,,,30720,31.25,,,,
,,,,,30720.0,30720,,9.824999,10.649997,9.150001,1536.0
12.599992,13.34999,11.699994,1536.0,0.3218075120546416,6144.0,6144,,,,,
10.424997,13.649989,8.700002,1536.0,0.6428596416548639,12288.0,12288,,,,,
12.93749,13.4999895,12.599992,1536.0,0.9628458750284192,18432.0,18432,,,,,
10.312497,12.149993,7.500003,1536.0,1.2821842400533767,24576.0,24576,,,,,
12.412493,14.249988,10.3499975,1536.0,1.6007021402498274,30720.0,30720,,,,,
,,,,,,30720,15.5,,,,
,,,,,30720.0,30720,,12.187492,13.799989,10.049998,1536.0
13.012491,14.249988,11.999993,1536.0,0.319551870828819,6144.0,6144,,,,,
11.362495,12.899991,8.4000025,1536.0,0.6382914560470937,12288.0,12288,,,,,
10.612497,12.299993,8.700002,1536.0,0.9558769266286826,18432.0,18432,,,,,
9.5625,10.199998,8.700002,1536.0,1.272967407233064,24576.0,24576,,,,,
9.037499,13.19999,6.000002,1536.0,1.5892322427707266,30720.0,30720,,,,,
,,,,,,30720,42.75,,,,
,,,,,30720.0,30720,,8.100002,9.749999,7.200003,1536.0
12.149993,13.949988,11.099996,1536.0,0.3172813035578041,6144.0,6144,,,,,
8.7,11.249995,5.7000017,1536.0,0.633792948293036,12288.0,12288,,,,,
9.7125,11.099996,8.550002,1536.0,0.9491384197810026,18432.0,18432,,,,,
8.587502,9.45,7.0500026,1536.0,1.2640628413445345,24576.0,24576,,,,,
12.712492,13.949988,11.399995,1536.0,1.578150666682075,30720.0,30720,,,,,
,,,,,,30720,33.5,,,,
,,,,,30720.0,30720,,9.487499,10.799996,8.250003,1536.0
12.93749,14.249988,11.849994,1536.0,0.3150845296693328,6144.0,6144,,,,,
11.324995,13.19999,8.250003,1536.0,0.6293446675130548,12288.0,12288,,,,,
10.874996,14.249988,7.650003,1536.0,0.942529798387463,18432.0,18432,,,,,
11.662495,12.899991,9.899999,1536.0,1.2551843064339128,24576.0,24576,,,,,
10.724997,12.449992,8.4000025,1536.0,1.5670541686981247,30720.0,30720,,,,,
,,,,,,30720,77.0,,,,
,,,,,30720.0,30720,,2.9625006,4.050001,2.1,1536.0
12.524992,13.4999895,10.649997,1536.0,0.312857684254245,6144.0,6144,,,,,
9.487499,10.649997,7.800003,1536.0,0.6250168025154533,12288.0,12288,,,,,
9.1125,11.849994,7.500003,1536.0,0.9360596539280548,18432.0,18432,,,,,
9.412498,11.099996,6.9000025,1536.0,1.2465903063732682,24576.0,24576,,,,,
9.862499,11.999993,8.550002,1536.0,1.556511450522062,30720.0,30720,,,,,
,,,,,,30720,50.75,,,,
,,,,,30720.0,30720,,6.900003,7.5000033,6.1500025,1536.0
13.31249,14.399987,12.299993,1536.0,0.3107810901841084,6144.0,6144,,,,,
9.974998,11.999993,7.950003,1536.0,0.6208319141695315,12288.0,12288,,,,,
8.625002,9.45,7.350003,1536.0,0.9299313195890344,18432.0,18432,,,,,
11.624994,12.599992,10.649997,1536.0,1.238520290995024,24576.0,24576,,,,,
10.687496,12.899991,7.650003,1536.0,1.5464362069231308,30720.0,30720,,,,,
,,,,,,30720,66.0,,,,
,,,,,30720.0,30720,,4.612501,4.9500017,4.050001,1536.0
10.687496,11.849994,9.599999,1536.0,0.3087518493128036,6144.0,6144,,,,,
9.862498,12.449992,7.350003,1536.0,0.6167464925082362,12288.0,12288,,,,,
10.949996,12.149993,9.749999,1536.0,0.923556003243482,18432.0,18432,,,,,
9.824999,11.099996,8.850001,1536.0,1.2300766609442286,24576.0,24576,,,,,
11.887493,14.099988,9.45,1536.0,1.5358682366538592,30720.0,30720,,,,,
,,,,,,30720,28.0,,,,
,,,,,30720.0,30720,,10.312498,11.999993,8.550002,1536.0
13.42499,14.099988,11.999993,1536.0,0.3066138055654889,6144.0,6144,,,,,
11.062496,11.999993,9.749999,1536.0,0.6125233270062914,12288.0,12288,,,,,
12.1124935,13.649989,9.599999,1536.0,0.9175174488978092,18432.0,18432,,,,,
11.512495,12.449992,10.199998,1536.0,1.2218675348253865,24576.0,24576,,,,,
9.225,11.249995,7.350003,1536.0,1.5254861381824372,30720.0,30720,,,,,
,,,,,,30720,23.75,,,,
,,,,,30720.0,30720,,10.949996,13.799989,8.850001,1536.0
12.824991,13.4999895,11.849994,1536.0,0.3045820397149998,6144.0,6144,,,,,
11.512495,13.34999,8.850001,1536.0,0.6083792438780532,12288.0,12288,,,,,
11.624994,12.449992,10.799996,1536.0,0.9112313706216634,18432.0,18432,,,,,
13.537489,14.099988,12.599992,1536.0,1.2135912123757655,24576.0,24576,,,,,
11.212496,13.799989,9.3,1536.0,1.5151833537524784,30720.0,30720,,,,,
,,,,,,30720,68.5,,,,
,,,,,30720.0,30720,,4.237501,4.9500017,3.4500008,1536.0
13.387489,14.249988,12.749991,1536.0,0.3025262954037969,6144.0,6144,,,,,
9.562499,11.699994,7.500003,1536.0,0.6043334783654244,12288.0,12288,,,,,
11.699994,12.299993,11.099996,1536.0,0.90518546204453,18432.0,18432,,,,,
10.237497,12.899991,8.100003,1536.0,1.205645252287988,24576.0,24576,,,,,
13.31249,13.4999895,13.19999,1536.0,1.5052396228261251,30720.0,30720,,,,,
,,,,,,30720,16.25,,,,
,,,,,30720.0,30720,,12.074993,14.249988,9.150001,1536.0
13.162491,14.099988,11.999993,1536.0,0.3005605013596444,6144.0,6144,,,,,
11.287495,13.19999,7.800003,1536.0,0.6004142246534946,12288.0,12288,,,,,
10.087498,11.699994,9.45,1536.0,0.8993164109103979,18432.0,18432,,,,,
12.262493,13.34999,11.099996,1536.0,1.197814704182169,24576.0,24576,,,,,
11.137495,12.149993,9.3,1536.0,1.4955319856041958,30720.0,30720,,,,,
,,,,,,30720,70.75,,,,
,,,,,30720.0,30720,,3.900001,4.5000014,3.1500006,1536.0
12.93749,14.549987,10.199998,1536.0,0.2986050700952826,6144.0,6144,,,,,
8.475002,9.899999,7.2000027,1536.0,0.5965623787527764,12288.0,12288,,,,,
12.974991,13.799989,11.549994,1536.0,0.8935233938484569,18432.0,18432,,,,,
12.824991,13.799989,11.549994,1536.0,1.1900475987016597,24576.0,24576,,,,,
13.049991,14.399987,10.949996,1536.0,1.4858413843766134,30720.0,30720,,,,,
,,,,,,30720,12.75,,,,
,,,,,30720.0,30720,,12.599992,13.34999,11.399995,1536.0
13.27499,14.399987,12.299993,1536.0,0.2966804760554589,6144.0,6144,,,,,
11.287495,13.949988,9.150001,1536.0,0.5926273515396921,12288.0,12288,,,,,
12.637491,13.34999,11.699994,1536.0,0.8875459533073792,18432.0,18432,,,,,
11.024996,13.799989,8.700002,1536.0,1.1820920416395218,24576.0,24576,,,,,
10.762497,12.899991,9.150001,1536.0,1.4759076859534268,30720.0,30720,,,,,
,,,,,,30720,75.25,,,,
,,,,,30720.0,30720,,3.2250006,3.900001,1.9499999,1536.0
13.19999,13.949988,12.299993,1536.0,0.2947366245020207,6144.0,6144,,,,,
11.624994,12.899991,10.499997,1536.0,0.58880658047417,12288.0,12288,,,,,
10.499997,13.949988,7.950003,1536.0,0.8819386361962831,18432.0,18432,,,,,
11.9249935,13.34999,8.550002,1536.0,1.1746999207002575,24576.0,24576,,,,,
9.974998,10.949996,8.4000025,1536.0,1.4667386172850565,30720.0,30720,,,,,
,,,,,,30720,12.0,,,,
,,,,,30720.0,30720,,12.712492,14.399987,10.649997,1536.0
13.46249,14.699986,11.549994,1536.0,0.2928870475226384,6144.0,6144,,,,,
8.137501,9.45,6.150002,1536.0,0.5851033493013723,12288.0,12288,,,,,
8.250001,10.799996,6.9000025,1536.0,0.8763504835533822,18432.0,18432,,,,,
9.45,10.649997,7.950003,1536.0,1.1671586753602736,24576.0,24576,,,,,
9.224998,12.449992,5.850002,1536.0,1.4573626103333612,30720.0,30720,,,,,
,,,,,,30720,48.75,,,,
,,,,,30720.0,30720,,7.200002,8.4000025,5.100002,1536.0
11.7374935,12.299993,11.399995,1536.0,0.2909961241450908,6144.0,6144,,,,,
11.324995,12.899991,8.250003,1536.0,0.5813305870492216,12288.0,12288,,,,,
12.187492,14.549987,9.899999,1536.0,0.8706912784694056,18432.0,18432,,,,,
9.000001,9.899999,8.4000025,1536.0,1.1596782585528802,24576.0,24576,,,,,
10.874996,12.449992,9.150001,1536.0,1.4480659577796753,30720.0,30720,,,,,
,,,,,,30720,35.75,,,,
,,,,,30720.0,30720,,9.150001,10.3499975,7.8000035,1536.0
12.037493,13.34999,10.499997,1536.0,0.2891143827098038,6144.0,6144,,,,,
8.849999,11.249995,5.7000017,1536.0,0.577606879706972,12288.0,12288,,,,,
10.499997,11.099996,9.599999,1536.0,0.8651613827348232,18432.0,18432,,,,,
10.649997,13.649989,8.850001,1536.0,1.1522492217103042,24576.0,24576,,,,,
9.1875,10.799996,7.950003,1536.0,1.438701078503897,30720.0,30720,,,,,
,,,,,,30720,25.5,,,,
,,,,,30720.0,30720,,10.687496,12.899991,6.750003,1536.0
12.599992,13.799989,10.499997,1536.0,0.2872799871282894,6144.0,6144,,,,,
10.349997,11.849994,7.800003,1536.0,0.5739330965929867,12288.0,12288,,,,,
12.862492,13.19999,12.599992,1536.0,0.8597215953570099,18432.0,18432,,,,,
10.837496,12.149993,10.049998,1536.0,1.145126183403474,24576.0,24576,,,,,
11.7374935,13.19999,10.499997,1536.0,1.4298784975256484,30720.0,30720,,,,,
,,,,,,30720,47.25,,,,
,,,,,30720.0,30720,,7.4250026,8.250003,6.450002,1536.0
11.962494,12.749991,11.249995,1536.0,0.2854936492387906,6144.0,6144,,,,,
9.562498,12.599992,6.000002,1536.0,0.5703923533387172,12288.0,12288,,,,,
10.574997,11.699994,9.150001,1536.0,0.8543646551020408,18432.0,18432,,,,,
9.3375,10.949996,8.550002,1536.0,1.1379755101710352,24576.0,24576,,,,,
13.19999,14.099988,10.949996,1536.0,1.4208742862457016,30720.0,30720,,,,,
,,,,,,30720,11.0,,,,
,,,,,30720.0,30720,,12.862492,14.249988,10.799996,1536.0
13.23749,14.549987,12.149993,1536.0,0.2837188334370061,6144.0,6144,,,,,
11.099996,13.34999,8.250003,1536.0,0.5668274178407531,12288.0,12288,,,,,
12.1124935,14.099988,10.649997,1536.0,0.8490669346645645,18432.0,18432,,,,,
11.024996,13.949988,7.950003,1536.0,1.1309073857160947,24576.0,24576,,,,,
10.724997,12.599992,8.850001,1536.0,1.4119555653771887,30720.0,30720,,,,,
,,,,,,30720,20.75,,,,
,,,,,30720.0,30720,,11.399995,12.299993,10.799996,1536.0
12.899991,14.549987,11.699994,1536.0,0.2819432458044649,6144.0,6144,,,,,
11.212496,13.4999895,10.049998,1536.0,0.5633146378950069,12288.0,12288,,,,,
10.724997,12.899991,9.3,1536.0,0.843801723808698,18432.0,18432,,,,,
12.374992,14.099988,10.649997,1536.0,1.1239189411242072,24576.0,24576,,,,,
10.837496,12.749991,9.150001,1536.0,1.4034197049746,30720.0,30720,,,,,
,,,,,,30720,36.0,,,,
,,,,,30720.0,30720,,9.112499,10.199998,7.050003,1536.0
12.712492,14.549987,10.3499975,1536.0,0.2802315522602395,6144.0,6144,,,,,
11.287495,12.299993,9.899999,1536.0,0.5598524167459829,12288.0,12288,,,,,
10.687496,12.299993,8.850001,1536.0,0.8384807373449377,18432.0,18432,,,,,
11.887493,13.19999,10.199998,1536.0,1.116877872333215,24576.0,24576,,,,,
12.524992,12.749991,11.999993,1536.0,1.394700367135237,30720.0,30720,,,,,
,,,,,,30720,33.75,,,,
,,,,,30720.0,30720,,9.449999,10.949996,7.200003,1536.0
13.687489,14.549987,12.749991,1536.0,0.2785020122281501,6144.0,6144,,,,,
9.0375,10.949996,7.500003,1536.0,0.556372077983199,12288.0,12288,,,,,
10.874996,12.449992,8.700002,1536.0,0.8333360591844553,18432.0,18432,,,,,
11.099996,11.699994,10.499997,1536.0,1.1099798811541666,24576.0,24576,,,,,
12.749991,14.249988,11.399995,1536.0,1.385933900638889,30720.0,30720,,,,,
,,,,,,30720,36.0,,,,
,,,,,30720.0,30720,,9.1125,11.549994,7.5000033,1536.0
12.749991,14.549987,11.249995,1536.0,0.2767411041882535,6144.0,6144,,,,,
9.899998,14.099988,7.650003,1536.0,0.552886107204384,12288.0,12288,,,,,
11.999993,13.049991,10.799996,1536.0,0.8281270690591053,18432.0,18432,,,,,
11.399995,13.34999,10.049998,1536.0,1.1030399374530366,24576.0,24576,,,,,
12.187492,13.34999,10.3499975,1536.0,1.3771782747783503,30720.0,30720,,,,,
,,,,,,30720,32.25,,,,
,,,,,30720.0,30720,,9.674999,10.499997,8.250003,1536.0
12.712492,14.099988,9.899999,1536.0,0.2750230916157061,6144.0,6144,,,,,
10.162497,13.049991,6.6000023,1536.0,0.5494610644826393,12288.0,12288,,,,,
10.649996,12.449992,7.0500026,1536.0,0.8230787791073871,18432.0,18432,,,,,
11.399995,13.19999,9.749999,1536.0,1.096228251812405,24576.0,24576,,,,,
12.149993,14.399987,10.649997,1536.0,1.368806292300237,30720.0,30720,,,,,
,,,,,,30720,53.25,,,,
,,,,,30720.0,30720,,6.5250025,8.250003,5.700002,1536.0
13.23749,14.399987,12.149993,1536.0,0.2733610812134699,6144.0,6144,,,,,
9.862499,10.649997,8.4000025,1536.0,0.546191327586163,12288.0,12288,,,,,
10.837496,11.549994,9.150001,1536.0,0.8181733608984383,18432.0,18432,,,,,
10.987495,12.299993,9.000001,1536.0,1.0898048645337657,24576.0,24576,,,,,
12.674992,14.099988,11.999993,1536.0,1.360896765219342,30720.0,30720,,,,,
,,,,,,30720,32.0,,,,
,,,,,30720.0,30720,,9.7125,11.249995,8.4000025,1536.0
11.887493,13.34999,8.4000025,1536.0,0.2717535238508112,6144.0,6144,,,,,
12.074993,13.949988,9.3,1536.0,0.5429613975663258,12288.0,12288,,,,,
11.587494,13.649989,9.599999,1536.0,0.8133012758111934,18432.0,18432,,,,,
9.862497,12.299993,6.150002,1536.0,1.0833013002114795,24576.0,24576,,,,,
8.250002,10.199998,6.450002,1536.0,1.3527598392862248,30720.0,30720,,,,,
,,,,,,30720,38.0,,,,
,,,,,30720.0,30720,,8.812501,10.499997,7.500003,1536.0
12.787491,13.799989,10.649997,1536.0,0.2701527360952568,6144.0,6144,,,,,
9.487498,11.849994,6.300002,1536.0,0.539739351578425,12288.0,12288,,,,,
11.999993,12.599992,11.099996,1536.0,0.8085648048334787,18432.0,18432,,,,,
10.274998,11.099996,9.749999,1536.0,1.0770068586735169,24576.0,24576,,,,,
12.449992,14.399987,9.899999,1536.0,1.3449575577911228,30720.0,30720,,,,,
,,,,,,30720,74.5,,,,
,,,,,30720.0,30720,,3.3375006,4.3500013,2.7000003,1536.0
12.974991,13.949988,11.849994,1536.0,0.2686025138444899,6144.0,6144,,,,,
10.799996,11.999993,9.3,1536.0,0.536645798058675,12288.0,12288,,,,,
12.93749,14.249988,11.699994,1536.0,0.8039120571679702,18432.0,18432,,,,,
11.024996,11.549994,10.649997,1536.0,1.0709058548280534,24576.0,24576,,,,,
9.937498,12.149993,8.550002,1536.0,1.337357977338857,30720.0,30720,,,,,
,,,,,,30720,28.25,,,,
,,,,,30720.0,30720,,10.274998,13.4999895,8.250003,1536.0
12.674992,13.19999,12.149993,1536.0,0.2670825054141668,6144.0,6144,,,,,
8.325001,10.199998,6.000002,1536.0,0.5336323650514033,12288.0,12288,,,,,
10.424997,11.549994,9.599999,1536.0,0.7994271378006014,18432.0,18432,,,,,
11.474995,12.899991,8.550002,1536.0,1.0648646989587256,24576.0,24576,,,,,
10.162497,13.34999,6.450002,1536.0,1.3296703338998297,30720.0,30720,,,,,
,,,,,,30720,61.25,,,,
,,,,,30720.0,30720,,5.3250017,7.050003,3.750001,1536.0
12.899991,13.34999,12.599992,1536.0,0.2655527337137491,6144.0,6144,,,,,
9.749998,11.549994,6.300002,1536.0,0.530564899517968,12288.0,12288,,,,,
12.1124935,14.549987,10.199998,1536.0,0.794734089234638,18432.0,18432,,,,,
11.662495,12.749991,10.649997,1536.0,1.058618875433085,24576.0,24576,,,,,
11.962494,13.19999,10.499997,1536.0,1.3219724918383478,30720.0,30720,,,,,
,,,,,,30720,78.25,,,,
,,,,,30720.0,30720,,2.7750003,3.3000007,2.25,1536.0
13.049991,14.549987,10.949996,1536.0,0.2640201140517884,6144.0,6144,,,,,
10.124998,12.449992,8.250003,1536.0,0.527486109316491,12288.0,12288,,,,,
12.449992,13.949988,10.199998,1536.0,0.7902169211220289,18432.0,18432,,,,,
8.212501,10.3499975,5.4000015,1536.0,1.0526157786272283,24576.0,24576,,,,,
12.224993,14.699986,10.3499975,1536.0,1.3143606747640075,30720.0,30720,,,,,
,,,,,,30720,64.75,,,,
,,,,,30720.0,30720,,4.8000016,5.700002,3.900001,1536.0
12.974991,13.949988,10.799996,1536.0,0.2624860143150705,6144.0,6144,,,,,
11.9249935,13.949988,9.45,1536.0,0.5244397693072046,12288.0,12288,,,,,
12.262493,13.949988,11.099996,1536.0,0.7856331666020372,18432.0,18432,,,,,
11.249995,11.849994,10.499997,1536.0,1.0464910206292335,24576.0,24576,,,,,
8.700001,9.749999,7.2000027,1536.0,1.3068153496280437,30720.0,30720,,,,,
,,,,,,30720,10.75,,,,
,,,,,30720.0,30720,,12.899991,13.949988,11.999993,1536.0
13.049991,14.099988,11.999993,1536.0,0.2609637952109688,6144.0,6144,,,,,
9.712498,11.549994,6.9000025,1536.0,0.521380713206057,12288.0,12288,,,,,
10.424997,11.549994,9.3,1536.0,0.7810740866999846,18432.0,18432,,,,,
10.874996,12.749991,7.800003,1536.0,1.04050172404356,24576.0,24576,,,,,
10.424997,11.699994,8.700002,1536.0,1.2992972333093284,30720.0,30720,,,,,
,,,,,,30720,55.0,,,,
,,,,,30720.0,30720,,6.2625027,7.6500034,4.8000016,1536.0
13.34999,13.949988,12.449992,1536.0,0.2594804905891964,6144.0,6144,,,,,
9.862499,11.399995,9.000001,1536.0,0.518450196535146,12288.0,12288,,,,,
10.3499975,12.149993,9.000001,1536.0,0.7766857788281702,18432.0,18432,,,,,
11.287495,13.34999,9.45,1536.0,1.0345712432903496,24576.0,24576,,,,,
12.824991,13.4999895,11.249995,1536.0,1.2919963984190057,30720.0,30720,,,,,
,,,,,,30720,55.75,,,,
,,,,,30720.0,30720,,6.1500025,6.4500027,5.8500023,1536.0
13.27499,13.799989,12.749991,1536.0,0.2580333718525496,6144.0,6144,,,,,
9.525,12.749991,7.350003,1536.0,0.515562457063127,12288.0,12288,,,,,
12.637491,13.19999,12.299993,1536.0,0.7723546101939299,18432.0,18432,,,,,
10.387497,11.249995,8.700002,1536.0,1.0288572274581087,24576.0,24576,,,,,
12.374992,13.4999895,10.799996,1536.0,1.2847995262553649,30720.0,30720,,,,,
,,,,,,30720,32.0,,,,
,,,,,30720.0,30720,,9.7125,11.549994,8.250003,1536.0
13.049991,13.649989,11.999993,1536.0,0.2566098767659001,6144.0,6144,,,,,
10.574996,12.899991,6.9000025,1536.0,0.5127315556597256,12288.0,12288,,,,,
12.187492,13.649989,9.749999,1536.0,0.7680601267083228,18432.0,18432,,,,,
12.187492,13.799989,8.850001,1536.0,1.0230982128166246,24576.0,24576,,,,,
11.474995,13.649989,8.850001,1536.0,1.2775995097406616,30720.0,30720,,,,,
,,,,,,30720,31.75,,,,
,,,,,30720.0,30720,,9.749997,13.34999,6.000002,1536.0
11.399995,12.599992,10.049998,1536.0,0.2551494816307919,6144.0,6144,,,,,
9.487499,10.3499975,8.250003,1536.0,0.5097987248461903,12288.0,12288,,,,,
11.812494,14.399987,9.749999,1536.0,0.7636757702647486,18432.0,18432,,,,,
9.262501,10.3499975,8.100003,1536.0,1.0172980521674402,24576.0,24576,,,,,
11.174995,12.899991,9.45,1536.0,1.270329207748869,30720.0,30720,,,,,
,,,,,,30720,4.0,,,,
,,,,,30720.0,30720,,13.912489,14.399987,13.34999,1536.0
12.562492,13.4999895,11.399995,1536.0,0.253699212115586,6144.0,6144,,,,,
11.324995,13.19999,9.45,1536.0,0.5069041814544095,12288.0,12288,,,,,
13.049991,14.099988,11.849994,1536.0,0.7594432376027593,18432.0,18432,,,,,
11.399995,13.19999,9.3,1536.0,1.0116076467814763,24576.0,24576,,,,,
9.449999,10.799996,7.0500026,1536.0,1.2633249592150555,30720.0,30720,,,,,
,,,,,,30720,44.5,,,,
,,,,,30720.0,30720,,7.8375025,9.599999,7.200003,1536.0
12.637491,13.4999895,10.649997,1536.0,0.2523078237597642,6144.0,6144,,,,,
9.674997,12.899991,7.0500026,1536.0,0.5041188228310249,12288.0,12288,,,,,
10.1624975,11.249995,7.500003,1536.0,0.7552536598660472,18432.0,18432,,,,,
9.599999,11.099996,8.250003,1536.0,1.0061172894806971,24576.0,24576,,,,,
13.987488,14.699986,13.34999,1536.0,1.256327521909829,30720.0,30720,,,,,
,,,,,,30720,35.0,,,,
,,,,,30720.0,30720,,9.2625,10.949996,7.3500032,1536.0
12.974991,13.34999,12.449992,1536.0,0.2509238795804074,6144.0,6144,,,,,
8.287502,8.4000025,7.950003,1536.0,0.5013454276486211,12288.0,12288,,,,,
11.362495,13.34999,9.150001,1536.0,0.7510835414646979,18432.0,18432,,,,,
8.7,10.499997,6.6000023,1536.0,1.0005531441662177,24576.0,24576,,,,,
13.46249,14.399987,12.599992,1536.0,1.2494998271015438,30720.0,30720,,,,,
,,,,,,30720,19.75,,,,
,,,,,30720.0,30720,,11.549994,13.19999,10.499997,1536.0
12.187492,13.649989,10.799996,1536.0,0.2495499216793338,6144.0,6144,,,,,
10.537497,13.34999,8.700002,1536.0,0.4986367759051885,12288.0,12288,,,,,
10.912497,12.599992,10.049998,1536.0,0.7470872344184746,18432.0,18432,,,,,
10.537497,11.099996,9.599999,1536.0,0.9951868376652624,24576.0,24576,,,,,
9.562499,11.849994,7.650003,1536.0,1.2428325048676487,30720.0,30720,,,,,
,,,,,,30720,60.25,,,,
,,,,,30720.0,30720,,5.4750023,6.3000026,4.6500015,1536.0
13.012491,13.949988,12.149993,1536.0,0.2482428845402378,6144.0,6144,,,,,
11.324995,13.949988,10.199998,1536.0,0.4959448638236174,12288.0,12288,,,,,
11.399995,12.299993,10.499997,1536.0,0.7429776551343149,18432.0,18432,,,,,
11.812494,13.19999,10.199998,1536.0,0.9897488189055614,24576.0,24576,,,,,
10.162498,11.999993,8.700002,1536.0,1.236005855429045,30720.0,30720,,,,,
,,,,,,30720,39.75,,,,
,,,,,30720.0,30720,,8.549997,12.599992,4.5000014,1536.0
12.637491,14.099988,11.249995,1536.0,0.2468592892703836,6144.0,6144,,,,,
9.0375,10.799996,7.500003,1536.0,0.4932593109373721,12288.0,12288,,,,,
12.862492,13.4999895,11.999993,1536.0,0.739008187156377,18432.0,18432,,,,,
11.699994,13.4999895,9.45,1536.0,0.9844691613321988,24576.0,24576,,,,,
10.837496,12.749991,8.850001,1536.0,1.229306546962486,30720.0,30720,,,,,
,,,,,,30720,43.75,,,,
,,,,,30720.0,30720,,7.950003,8.700002,7.200003,1536.0
13.387489,14.549987,11.549994,1536.0,0.2455218603607891,6144.0,6144,,,,,
8.175003,8.850001,7.650003,1536.0,0.4906094250208261,12288.0,12288,,,,,
11.887493,12.599992,10.649997,1536.0,0.7350427048373499,18432.0,18432,,,,,
10.874996,12.299993,9.749999,1536.0,0.97915963107951,24576.0,24576,,,,,
13.42499,14.699986,12.599992,1536.0,1.2227229011564125,30720.0,30720,,,,,
,,,,,,30720,22.25,,,,
,,,,,30720.0,30720,,11.174995,12.449992,10.199998,1536.0
12.599992,14.249988,11.249995,1536.0,0.2442303176824326,6144.0,6144,,,,,
11.849994,13.949988,8.700002,1536.0,0.4880001945776492,12288.0,12288,,,,,
10.424997,11.699994,8.700002,1536.0,0.7311054346808769,18432.0,18432,,,,,
11.437494,13.949988,9.749999,1536.0,0.973924185870524,24576.0,24576,,,,,
12.899991,13.649989,12.149993,1536.0,1.2163038740028544,30720.0,30720,,,,,
,,,,,,30720,21.0,,,,
,,,,,30720.0,30720,,11.362494,13.949988,7.350003,1536.0
12.599992,13.949988,10.649997,1536.0,0.2429294293651944,6144.0,6144,,,,,
9.487499,11.249995,7.0500026,1536.0,0.4854135598262851,12288.0,12288,,,,,
10.949996,11.699994,9.749999,1536.0,0.7272457091795731,18432.0,18432,,,,,
11.249995,12.449992,9.899999,1536.0,0.9687494364515395,24576.0,24576,,,,,
12.187492,14.549987,10.799996,1536.0,1.2098215274204878,30720.0,30720,,,,,
,,,,,,30720,26.25,,,,
,,,,,30720.0,30720,,10.574997,12.749991,8.4000025,1536.0
13.12499,13.799989,12.599992,1536.0,0.2416378646836534,6144.0,6144,,,,,
8.924999,11.999993,5.7000017,1536.0,0.4828582308766094,12288.0,12288,,,,,
13.387489,13.649989,13.19999,1536.0,0.7234042037310595,18432.0,18432,,,,,
7.800002,8.850001,5.850002,1536.0,0.9636849254908534,24576.0,24576,,,,,
9.712498,12.899991,5.850002,1536.0,1.2033923525516883,30720.0,30720,,,,,
,,,,,,30720,40.5,,,,
,,,,,30720.0,30720,,8.437502,10.3499975,7.200003,1536.0
13.162491,14.249988,12.299993,1536.0,0.240341743108942,6144.0,6144,,,,,
11.324995,13.649989,9.3,1536.0,0.4802311574368418,12288.0,12288,,,,,
11.587494,12.299993,10.649997,1536.0,0.7194840999167841,18432.0,18432,,,,,
12.149993,13.4999895,11.249995,1536.0,0.9585097837988648,24576.0,24576,,,,,
11.437494,12.299993,10.649997,1536.0,1.1970468801606204,30720.0,30720,,,,,
,,,,,,30720,33.75,,,,
,,,,,30720.0,30720,,9.45,10.799996,8.100003,1536.0
13.08749,13.949988,11.249995,1536.0,0.2391011321029137,6144.0,6144,,,,,
10.462496,13.19999,6.9000025,1536.0,0.4777491832863906,12288.0,12288,,,,,
11.399995,12.899991,9.45,1536.0,0.7157289666775124,18432.0,18432,,,,,
9.899998,12.449992,7.0500026,1536.0,0.953490834565081,24576.0,24576,,,,,
12.374992,13.34999,11.399995,1536.0,1.19086943721162,30720.0,30720,,,,,
,,,,,,30720,70.0,,,,
,,,,,30720.0,30720,,4.0125012,5.100002,3.3000007,1536.0
13.42499,14.549987,11.849994,1536.0,0.2378272538946173,6144.0,6144,,,,,
10.1624975,12.149993,7.350003,1536.0,0.4752416581384776,12288.0,12288,,,,,
12.449992,13.19999,11.099996,1536.0,0.7120093443411862,18432.0,18432,,,,,
10.199998,12.149993,8.250003,1536.0,0.948578874681417,24576.0,24576,,,,,
8.475,10.049998,6.9000025,1536.0,1.1846123438409637,30720.0,30720,,,,,
,,,,,,30720,21.25,,,,
,,,,,30720.0,30720,,11.324995,13.19999,10.499997,1536.0
12.637491,13.949988,10.949996,1536.0,0.2366085428775929,6144.0,6144,,,,,
12.524992,13.4999895,10.949996,1536.0,0.4727619543972406,12288.0,12288,,,,,
12.337492,13.799989,9.45,1536.0,0.7082546195381286,18432.0,18432,,,,,
12.93749,13.949988,11.849994,1536.0,0.943421487530534,24576.0,24576,,,,,
12.524992,13.799989,9.749999,1536.0,1.178112981483921,30720.0,30720,,,,,
,,,,,,30720,5.0,,,,
,,,,,30720.0,30720,,13.762489,14.099988,13.4999895,1536.0
12.449992,13.799989,10.799996,1536.0,0.2353209255756033,6144.0,6144,,,,,
11.324995,13.049991,10.3499975,1536.0,0.4702112921245282,12288.0,12288,,,,,
9.674999,11.999993,7.350003,1536.0,0.7045627850398789,18432.0,18432,,,,,
13.27499,14.099988,11.999993,1536.0,0.9385658034169988,24576.0,24576,,,,,
11.099996,14.399987,8.850001,1536.0,1.1721621880817603,30720.0,30720,,,,,
,,,,,,30720,22.25,,,,
,,,,,30720.0,30720,,11.174995,13.19999,10.049998,1536.0
12.524992,14.249988,9.899999,1536.0,0.234133506077394,6144.0,6144,,,,,
10.762497,13.4999895,8.4000025,1536.0,0.4678312308211802,12288.0,12288,,,,,
9.225,10.049998,8.4000025,1536.0,0.700968019154842,18432.0,18432,,,,,
12.037493,12.749991,11.099996,1536.0,0.9338206136439824,24576.0,24576,,,,,
11.137495,14.699986,9.000001,1536.0,1.1663158925634705,30720.0,30720,,,,,
,,,,,,30720,85.0,,,,
,,,,,30720.0,30720,,1.7624999,2.4,1.3499999,1536.0
13.012491,14.099988,11.849994,1536.0,0.2329663944426251,6144.0,6144,,,,,
8.437501,10.199998,6.9000025,1536.0,0.4654790665629363,12288.0,12288,,,,,
9.899998,12.599992,7.650003,1536.0,0.697459334513673,18432.0,18432,,,,,
11.024996,12.899991,9.3,1536.0,0.9291368461646252,24576.0,24576,,,,,
12.149993,12.599992,11.399995,1536.0,1.1604416727184907,30720.0,30720,,,,,
,,,,,,30720,16.0,,,,
,,,,,30720.0,30720,,12.1124935,13.949988,10.3499975,1536.0
12.899991,13.949988,11.999993,1536.0,0.2317722687955052,6144.0,6144,,,,,
8.887499,12.149993,6.6000023,1536.0,0.4631405058716802,12288.0,12288,,,,,
9.412499,10.949996,7.500003,1536.0,0.6938713664226469,18432.0,18432,,,,,
11.399995,12.299993,10.049998,1536.0,0.9243217915771996,24576.0,24576,,,,,
11.9249935,13.4999895,10.649997,1536.0,1.154336912366174,30720.0,30720,,,,,
,,,,,,30720,50.5,,,,
,,,,,30720.0,30720,,6.937503,8.250003,5.550002,1536.0
13.12499,13.34999,12.899991,1536.0,0.2305719107933318,6144.0,6144,,,,,
10.462498,11.849994,8.100003,1536.0,0.4607575560103865,12288.0,12288,,,,,
12.224993,13.799989,10.049998,1536.0,0.6903794253300369,18432.0,18432,,,,,
13.12499,13.949988,11.099996,1536.0,0.9197310242080112,24576.0,24576,,,,,
11.962494,13.649989,10.499997,1536.0,1.1486717205424968,30720.0,30720,,,,,
,,,,,,30720,25.5,,,,
,,,,,30720.0,30720,,10.687496,11.849994,8.700002,1536.0
13.23749,13.799989,12.749991,1536.0,0.2294470219519016,6144.0,6144,,,,,
12.1124935,13.34999,10.799996,1536.0,0.4584788370616942,12288.0,12288,,,,,
12.524992,13.649989,11.399995,1536.0,0.686983498225629,18432.0,18432,,,,,
9.749998,11.249995,7.500003,1536.0,0.9151484819324092,24576.0,24576,,,,,
12.862492,14.249988,11.549994,1536.0,1.1428721612759616,30720.0,30720,,,,,
,,,,,,30720,30.5,,,,
,,,,,30720.0,30720,,9.937498,13.34999,7.3500032,1536.0
12.149993,13.4999895,10.3499975,1536.0,0.2282735833737767,6144.0,6144,,,,,
10.124998,11.099996,8.100003,1536.0,0.4561412868134311,12288.0,12288,,,,,
11.512495,12.749991,10.049998,1536.0,0.6834551508151984,18432.0,18432,,,,,
10.312498,12.299993,9.3,1536.0,0.910497286504627,24576.0,24576,,,,,
10.724997,11.999993,9.599999,1536.0,1.1372076891170664,30720.0,30720,,,,,
,,,,,,30720,23.0,,,,
,,,,,30720.0,30720,,11.062496,12.599992,9.45,1536.0
12.637491,13.949988,11.099996,1536.0,0.2271665299274872,6144.0,6144,,,,,
9.712498,11.249995,6.9000025,1536.0,0.4539357230137241,12288.0,12288,,,,,
11.699994,12.899991,10.949996,1536.0,0.6801583356759371,18432.0,18432,,,,,
10.799996,11.999993,9.3,1536.0,0.9061357110057467,24576.0,24576,,,,,
12.862492,14.549987,11.999993,1536.0,1.1317945469261224,30720.0,30720,,,,,
,,,,,,30720,20.5,,,,
,,,,,30720.0,30720,,11.437494,12.899991,9.899999,1536.0
13.162491,13.949988,11.849994,1536.0,0.2260668677899221,6144.0,6144,,,,,
8.250002,10.649997,6.300002,1536.0,0.4517639520870434,12288.0,12288,,,,,
10.312498,11.999993,8.700002,1536.0,0.6768254355925722,18432.0,18432,,,,,
11.549994,12.749991,9.599999,1536.0,0.9017028549793722,24576.0,24576,,,,,
9.075,11.249995,7.500003,1536.0,1.1261364743252509,30720.0,30720,,,,,
,,,,,,30720,68.0,,,,
,,,,,30720.0,30720,,4.312501,5.550002,3.1500006,1536.0
12.93749,13.34999,12.149993,1536.0,0.2249367600614575,6144.0,6144,,,,,
9.899998,10.949996,7.650003,1536.0,0.449490426762252,12288.0,12288,,,,,
11.512495,12.449992,9.749999,1536.0,0.6734858450321927,18432.0,18432,,,,,
13.42499,13.949988,12.749991,1536.0,0.8972514806684453,24576.0,24576,,,,,
9.0,10.199998,6.9000025,1536.0,1.120680737987614,30720.0,30720,,,,,
,,,,,,30720,11.75,,,,
,,,,,30720.0,30720,,12.749991,13.4999895,12.149993,1536.0
12.1124935,13.049991,11.099996,1536.0,0.2238569229120867,6144.0,6144,,,,,
11.062496,14.249988,9.45,1536.0,0.4473118068639872,12288.0,12288,,,,,
8.962502,10.049998,8.100003,1536.0,0.6702228983503907,18432.0,18432,,,,,
8.512502,9.599999,7.800003,1536.0,0.8928929712547968,24576.0,24576,,,,,
10.424997,12.149993,7.500003,1536.0,1.1152285460776188,30720.0,30720,,,,,
,,,,,,30720,44.0,,,,
,,,,,30720.0,30720,,7.912502,9.599999,6.4500027,1536.0
12.412493,13.19999,10.799996,1536.0,0.222769866514683,6144.0,6144,,,,,
10.312498,12.299993,7.800003,1536.0,0.4451510207094176,12288.0,12288,,,,,
10.274998,12.299993,8.4000025,1536.0,0.6670197939656536,18432.0,18432,,,,,
12.787491,13.949988,11.399995,1536.0,0.8886025032057406,24576.0,24576,,,,,
12.412493,13.049991,11.849994,1536.0,1.1097655024678108,30720.0,30720,,,,,
,,,,,,30720,11.75,,,,
,,,,,30720.0,30720,,12.749991,13.799989,11.549994,1536.0
13.387489,13.949988,12.899991,1536.0,0.221672579926546,6144.0,6144,,,,,
10.837496,11.999993,9.749999,1536.0,0.442989271299226,12288.0,12288,,,,,
9.487499,10.049998,9.000001,1536.0,0.6637484491006101,18432.0,18432,,,,,
10.199998,13.34999,8.100003,1536.0,0.8842892331301092,24576.0,24576,,,,,
10.687496,14.249988,7.500003,1536.0,1.1045155688851318,30720.0,30720,,,,,
,,,,,,30720,39.5,,,,
,,,,,30720.0,30720,,8.587502,10.199998,7.6500034,1536.0
11.962494,13.34999,10.649997,1536.0,0.2206268891937728,6144.0,6144,,,,,
11.999993,13.649989,9.150001,1536.0,0.4408938896550446,12288.0,12288,,,,,
8.775001,10.499997,7.650003,1536.0,0.6606094965683064,18432.0,18432,,,,,
10.874996,11.849994,9.45,1536.0,0.8801083983625901,24576.0,24576,,,,,
11.9249935,12.449992,11.249995,1536.0,1.099142189215517,30720.0,30720,,,,,
,,,,,,30720,40.75,,,,
,,,,,30720.0,30720,,8.400002,9.749999,6.900003,1536.0
12.224993,14.549987,10.3499975,1536.0,0.2195499112138967,6144.0,6144,,,,,
12.262493,14.099988,10.199998,1536.0,0.4387119225687356,12288.0,12288,,,,,
10.537497,13.649989,8.850001,1536.0,0.6573296639488837,18432.0,18432,,,,,
11.137495,12.599992,9.45,1536.0,0.8757584986526258,24576.0,24576,,,,,
13.42499,14.099988,13.049991,1536.0,1.0937995780275491,30720.0,30720,,,,,
,,,,,,30720,24.5,,,,
,,,,,30720.0,30720,,10.837496,12.599992,9.3,1536.0
12.787491,13.949988,10.799996,1536.0,0.2184961878062964,6144.0,6144,,,,,
7.7250032,8.100003,6.9000025,1536.0,0.4366196478086193,12288.0,12288,,,,,
11.699994,13.19999,10.199998,1536.0,0.6541766743703662,18432.0,18432,,,,,
12.337492,13.4999895,10.949996,1536.0,0.8715559598926667,24576.0,24576,,,,,
10.162498,10.949996,9.3,1536.0,1.0885202450197793,30720.0,30720,,,,,
,,,,,,30720,36.0,,,,
,,,,,30720.0,30720,,9.112501,10.649997,7.950003,1536.0
13.687489,14.099988,13.049991,1536.0,0.217433572089028,6144.0,6144,,,,,
9.3375,10.949996,8.4000025,1536.0,0.4344928745399306,12288.0,12288,,,,,
10.874996,12.599992,9.599999,1536.0,0.651068503068495,18432.0,18432,,,,,
12.974991,13.799989,12.599992,1536.0,0.8673543283816764,24576.0,24576,,,,,
12.487492,13.4999895,10.949996,1536.0,1.0832808442081,30720.0,30720,,,,,
,,,,,,30720,54.5,,,,
,,,,,30720.0,30720,,6.3375025,7.050003,5.100002,1536.0
13.61249,13.949988,13.19999,1536.0,0.2164003496540164,6144.0,6144,,,,,
10.049997,11.399995,6.7500024,1536.0,0.4324546063500374,12288.0,12288,,,,,
13.31249,14.699986,11.249995,1536.0,0.6479706029656775,18432.0,18432,,,,,
9.0375,10.649997,7.800003,1536.0,0.863217291916602,24576.0,24576,,,,,
9.749999,10.649997,8.4000025,1536.0,1.0781661576374948,30720.0,30720,,,,,
,,,,,,30720,39.25,,,,
,,,,,30720.0,30720,,8.625001,10.199998,6.600003,1536.0
12.899991,13.649989,11.549994,1536.0,0.2153855094925348,6144.0,6144,,,,,
9.5625,10.199998,9.000001,1536.0,0.4304231305361283,12288.0,12288,,,,,
11.212495,14.699986,7.800003,1536.0,0.6449209899781284,18432.0,18432,,,,,
12.637491,14.099988,11.399995,1536.0,0.8591210241613115,24576.0,24576,,,,,
10.312498,12.599992,9.3,1536.0,1.0730453992129272,30720.0,30720,,,,,
,,,,,,30720,55.0,,,,
,,,,,30720.0,30720,,6.2625027,7.200003,5.250002,1536.0
12.262493,14.099988,10.799996,1536.0,0.214355970732681,6144.0,6144,,,,,
10.124998,11.099996,9.150001,1536.0,0.4283651402098671,12288.0,12288,,,,,
11.999993,12.449992,11.099996,1536.0,0.6418638850809755,18432.0,18432,,,,,
10.574997,11.099996,10.049998,1536.0,0.8551281822264056,24576.0,24576,,,,,
8.737501,10.049998,7.500003,1536.0,1.0680228756578776,30720.0,30720,,,,,
,,,,,,30720,33.5,,,,
,,,,,30720.0,30720,,9.487499,11.399995,7.8000035,1536.0
13.012491,13.799989,11.099996,1536.0,0.2133531545662223,6144.0,6144,,,,,
12.074993,13.949988,10.199998,1536.0,0.42634661348177,12288.0,12288,,,,,
11.099996,13.19999,9.150001,1536.0,0.6389022608254388,18432.0,18432,,,,,
11.999993,12.899991,10.949996,1536.0,0.8512254896492497,24576.0,24576,,,,,
13.162491,14.549987,10.649997,1536.0,1.0631120064260156,30720.0,30720,,,,,
,,,,,,30720,32.0,,,,
,,,,,30720.0,30720,,9.7125,10.949996,8.550002,1536.0
12.93749,13.34999,12.299993,1536.0,0.212365535570424,6144.0,6144,,,,,
8.550001,10.199998,7.350003,1536.0,0.4243837474720557,12288.0,12288,,,,,
11.7374935,13.049991,9.749999,1536.0,0.6359156413531897,18432.0,18432,,,,,
8.362501,9.150001,6.7500024,1536.0,0.8472305504994498,24576.0,24576,,,,,
11.437494,12.749991,10.649997,1536.0,1.0581603132331387,30720.0,30720,,,,,
,,,,,,30720,7.75,,,,
,,,,,30720.0,30720,,13.34999,14.249988,12.449992,1536.0
13.537489,14.549987,12.449992,1536.0,0.2113814211396373,6144.0,6144,,,,,
10.3499975,11.249995,9.3,1536.0,0.4224138478328847,12288.0,12288,,,,,
9.599998,11.099996,7.500003,1536.0,0.6328934541181478,18432.0,18432,,,,,
9.787498,11.399995,7.650003,1536.0,0.8431850744868729,24576.0,24576,,,,,
9.674999,12.749991,8.100003,1536.0,1.0532004218258195,30720.0,30720,,,,,
,,,,,,30720,21.0,,,,
,,,,,30720.0,30720,,11.362494,13.19999,7.200003,1536.0
12.599992,14.399987,10.199998,1536.0,0.2103927143167928,6144.0,6144,,,,,
9.3,11.549994,7.950003,1536.0,0.4204663062591442,12288.0,12288,,,,,
8.85,10.199998,6.6000023,1536.0,0.6300141101063599,18432.0,18432,,,,,
11.099996,13.049991,8.550002,1536.0,0.8393876934742507,24576.0,24576,,,,,
10.387497,12.449992,9.3,1536.0,1.0483677697785398,30720.0,30720,,,,,
,,,,,,30720,33.0,,,,
,,,,,30720.0,30720,,9.5625,10.949996,8.4000025,1536.0
12.712492,13.949988,10.799996,1536.0,0.20943654073789,6144.0,6144,,,,,
9.824999,10.649997,7.800003,1536.0,0.4185460314793958,12288.0,12288,,,,,
11.474995,12.299993,9.899999,1536.0,0.6272011146184161,18432.0,18432,,,,,
11.512495,13.799989,8.4000025,1536.0,0.8356141543705857,24576.0,24576,,,,,
11.662495,13.19999,11.099996,1536.0,1.0437310069450545,30720.0,30720,,,,,
,,,,,,30720,34.5,,,,
,,,,,30720.0,30720,,9.3375,11.699994,8.250003,1536.0
13.08749,14.699986,10.799996,1536.0,0.2085054674677012,6144.0,6144,,,,,
11.249994,14.099988,6.9000025,1536.0,0.4166766799207552,12288.0,12288,,,,,
10.462497,12.599992,7.800003,1536.0,0.6243837511083177,18432.0,18432,,,,,
11.662495,13.34999,10.049998,1536.0,0.8318886800797364,24576.0,24576,,,,,
8.1,11.399995,5.1000013,1536.0,1.0390822135471194,30720.0,30720,,,,,
,,,,,,30720,18.5,,,,
,,,,,30720.0,30720,,11.7374935,13.799989,9.150001,1536.0
12.899991,13.949988,11.999993,1536.0,0.2075793880308427,6144.0,6144,,,,,
8.775,10.949996,6.7500024,1536.0,0.4148378647437838,12288.0,12288,,,,,
11.7374935,12.599992,11.249995,1536.0,0.6216385239139168,18432.0,18432,,,,,
11.549994,13.4999895,9.000001,1536.0,0.828242012855726,24576.0,24576,,,,,
11.549994,14.549987,9.3,1536.0,1.0344482321543718,30720.0,30720,,,,,
,,,,,,30720,38.75,,,,
,,,,,30720.0,30720,,8.700001,9.899999,7.050003,1536.0
12.224993,13.799989,10.949996,1536.0,0.2066471100240434,6144.0,6144,,,,,
10.124998,11.099996,8.4000025,1536.0,0.4129558988540099,12288.0,12288,,,,,
12.074993,12.749991,11.099996,1536.0,0.6187987346319226,18432.0,18432,,,,,
11.437494,12.749991,9.3,1536.0,0.8244334231695589,24576.0,24576,,,,,
11.249995,13.949988,9.000001,1536.0,1.029797536737503,30720.0,30720,,,,,
,,,,,,30720,19.5,,,,
,,,,,30720.0,30720,,11.587494,12.299993,10.649997,1536.0
13.12499,14.099988,12.149993,1536.0,0.2057209553649633,6144.0,6144,,,,,
8.85,10.3499975,6.7500024,1536.0,0.4111240203451603,12288.0,12288,,,,,
12.1124935,13.649989,9.749999,1536.0,0.6160488611564205,18432.0,18432,,,,,
13.12499,14.249988,12.149993,1536.0,0.8207814702887697,24576.0,24576,,,,,
13.61249,14.249988,12.149993,1536.0,1.0252191317613344,30720.0,30720,,,,,
,,,,,,30720,41.5,,,,
,,,,,30720.0,30720,,8.287501,9.45,6.6000023,1536.0
12.262493,14.099988,8.850001,1536.0,0.2048146372536921,6144.0,6144,,,,,
9.862499,11.549994,7.950003,1536.0,0.409300917258911,12288.0,12288,,,,,
12.299993,13.34999,11.099996,1536.0,0.6133726266287476,18432.0,18432,,,,,
11.587494,13.34999,10.499997,1536.0,0.8172075280709615,24576.0,24576,,,,,
9.7874975,11.249995,6.450002,1536.0,1.0207116250078936,30720.0,30720,,,,,
,,,,,,30720,78.25,,,,
,,,,,30720.0,30720,,2.7750003,4.2000012,1.9499999,1536.0
12.712492,13.19999,11.999993,1536.0,0.2039193540904919,6144.0,6144,,,,,
10.987495,13.799989,9.599999,1536.0,0.4075396953280961,12288.0,12288,,,,,
9.899999,12.299993,7.950003,1536.0,0.6107322939336078,18432.0,18432,,,,,
13.049991,13.799989,12.449992,1536.0,0.813730644128243,24576.0,24576,,,,,
10.837496,12.299993,10.049998,1536.0,1.0163839064040987,30720.0,30720,,,,,
,,,,,,30720,59.5,,,,
,,,,,30720.0,30720,,5.5875025,6.4500027,4.5000014,1536.0
12.637491,13.4999895,11.549994,1536.0,0.20305420343297,6144.0,6144,,,,,
9.15,10.199998,7.650003,1536.0,0.4057744715196544,12288.0,12288,,,,,
12.374992,13.4999895,10.499997,1536.0,0.6080297680311726,18432.0,18432,,,,,
9.787498,11.549994,8.4000025,1536.0,0.8101015324011401,24576.0,24576,,,,,
13.012491,13.799989,12.149993,1536.0,1.0118095425871418,30720.0,30720,,,,,
,,,,,,30720,29.75,,,,
,,,,,30720.0,30720,,10.049998,10.799996,8.850001,1536.0
12.299993,13.949988,8.850001,1536.0,0.2021402429305803,6144.0,6144,,,,,
10.162498,11.699994,9.45,1536.0,0.4039620568545931,12288.0,12288,,,,,
10.537497,11.249995,10.049998,1536.0,0.6053300930991367,18432.0,18432,,,,,
10.462497,13.049991,7.650003,1536.0,0.80650119924697,24576.0,24576,,,,,
11.849994,13.799989,10.3499975,1536.0,1.0073496151422536,30720.0,30720,,,,,
,,,,,,30720,47.5,,,,
,,,,,30720.0,30720,,7.3875017,9.599999,3.7500005,1536.0
13.4999895,14.399987,12.599992,1536.0,0.2012281859273696,6144.0,6144,,,,,
9.974998,10.799996,8.700002,1536.0,0.402167847069124,12288.0,12288,,,,,
11.587494,12.599992,10.3499975,1536.0,0.6026552219886178,18432.0,18432,,,,,
11.137495,13.649989,8.4000025,1536.0,0.8029437719362619,24576.0,24576,,,,,
12.224993,12.299993,11.999993,1536.0,1.0028147344867395,30720.0,30720,,,,,
,,,,,,30720,20.25,,,,
,,,,,30720.0,30720,,11.474995,14.399987,7.5000033,1536.0
13.34999,14.549987,12.449992,1536.0,0.2003379118988145,6144.0,6144,,,,,
10.087498,13.049991,7.2000027,1536.0,0.4003503128318625,12288.0,12288,,,,,
12.149993,13.799989,10.3499975,1536.0,0.5999785930454673,18432.0,18432,,,,,
12.487492,13.19999,11.699994,1536.0,0.7994002137550429,24576.0,24576,,,,,
11.437494,12.299993,10.049998,1536.0,0.9984809399399646,30720.0,30720,,,,,
,,,,,,30720,82.25,,,,
,,,,,30720.0,30720,,2.1750002,2.5500002,1.6499999,1536.0
12.374992,13.649989,11.249995,1536.0,0.1994989586332861,6144.0,6144,,,,,
8.400002,9.45,7.500003,1536.0,0.398709786409771,12288.0,12288,,,,,
9.375,11.399995,8.250003,1536.0,0.5975174550824064,18432.0,18432,,,,,
12.674992,14.249988,10.649997,1536.0,0.7961000690827881,24576.0,24576,,,,,
10.574997,12.599992,8.850001,1536.0,0.9943475427397328,30720.0,30720,,,,,
,,,,,,30720,14.75,,,,
,,,,,30720.0,30720,,12.299993,13.949988,9.000001,1536.0
13.387489,14.549987,12.299993,1536.0,0.1986501099995656,6144.0,6144,,,,,
12.149993,13.949988,9.899999,1536.0,0.396995338142333,12288.0,12288,,,,,
11.549994,13.649989,10.199998,1536.0,0.5949291782105087,18432.0,18432,,,,,
8.512503,9.599999,7.950003,1536.0,0.7926791028641543,24576.0,24576,,,,,
9.449999,12.899991,7.350003,1536.0,0.9901263118658914,30720.0,30720,,,,,
,,,,,,30720,22.25,,,,
,,,,,30720.0,30720,,11.174995,12.899991,7.6500034,1536.0
12.787491,13.19999,12.599992,1536.0,0.1977914818449319,6144.0,6144,,,,,
11.624994,14.099988,8.100003,1536.0,0.3952825660002118,12288.0,12288,,,,,
12.224993,13.949988,11.099996,1536.0,0.5923140424035981,18432.0,18432,,,,,
10.874996,11.399995,9.899999,1536.0,0.7891784684064852,24576.0,24576,,,,,
10.724996,14.699986,6.9000025,1536.0,0.9857540653054928,30720.0,30720,,,,,
,,,,,,30720,55.0,,,,
,,,,,30720.0,30720,,6.262502,8.4000025,3.900001,1536.0
12.524992,12.899991,11.849994,1536.0,0.1969304163744211,6144.0,6144,,,,,
8.85,11.249995,7.2000027,1536.0,0.3935913103854775,12288.0,12288,,,,,
12.712492,13.949988,10.499997,1536.0,0.5898179232485844,18432.0,18432,,,,,
11.137495,13.34999,9.599999,1536.0,0.7858677079666526,24576.0,24576,,,,,
11.324995,12.599992,9.45,1536.0,0.9816468856301246,30720.0,30720,,,,,
,,,,,,30720,56.5,,,,
,,,,,30720.0,30720,,6.0375023,6.900003,4.6500015,1536.0
12.899991,13.34999,11.999993,1536.0,0.1961025514189198,6144.0,6144,,,,,
9.599999,10.949996,8.100003,1536.0,0.3919179186440732,12288.0,12288,,,,,
11.137495,11.999993,10.3499975,1536.0,0.5873432641282696,18432.0,18432,,,,,
12.224993,14.099988,10.949996,1536.0,0.782524059401774,24576.0,24576,,,,,
11.024996,13.049991,9.150001,1536.0,0.977401862888054,30720.0,30720,,,,,
,,,,,,30720,37.5,,,,
,,,,,30720.0,30720,,8.887501,9.749999,8.100003,1536.0
13.574989,13.949988,12.749991,1536.0,0.1952711034383436,6144.0,6144,,,,,
11.9249935,13.34999,10.199998,1536.0,0.3902257055483706,12288.0,12288,,,,,
9.1875,11.249995,7.350003,1536.0,0.5847759194561714,18432.0,18432,,,,,
9.224999,11.249995,7.2000027,1536.0,0.7791117445057505,24576.0,24576,,,,,
12.637491,14.699986,9.45,1536.0,0.9731278375023996,30720.0,30720,,,,,
,,,,,,30720,24.75,,,,
,,,,,30720.0,30720,,10.799996,14.099988,9.3,1536.0
13.162491,14.099988,12.149993,1536.0,0.1944102026704622,6144.0,6144,,,,,
10.724995,13.049991,6.450002,1536.0,0.3885343878192951,12288.0,12288,,,,,
11.774994,13.799989,10.649997,1536.0,0.5822703419413096,18432.0,18432,,,,,
10.424997,11.699994,7.650003,1536.0,0.7758249422632135,24576.0,24576,,,,,
10.124998,10.799996,9.150001,1536.0,0.9690288303323344,30720.0,30720,,,,,
,,,,,,30720,46.5,,,,
,,,,,30720.0,30720,,7.5375023,9.3,6.3000026,1536.0
13.574989,14.699986,12.449992,1536.0,0.1935906705825489,6144.0,6144,,,,,
9.862497,13.799989,7.2000027,1536.0,0.3868997891003506,12288.0,12288,,,,,
10.987495,13.34999,8.550002,1536.0,0.5798228136119409,18432.0,18432,,,,,
10.612497,12.299993,9.000001,1536.0,0.7725155062583083,24576.0,24576,,,,,
12.149993,13.34999,11.399995,1536.0,0.9649583230029408,30720.0,30720,,,,,
,,,,,,30720,71.0,,,,
,,,,,30720.0,30720,,3.8625011,5.550002,2.8500004,1536.0
13.049991,13.949988,11.099996,1536.0,0.1927876859350023,6144.0,6144,,,,,
10.537497,11.849994,8.850001,1536.0,0.3852643039696788,12288.0,12288,,,,,
10.424997,13.049991,8.850001,1536.0,0.5772819478089866,18432.0,18432,,,,,
12.449992,13.34999,11.699994,1536.0,0.7691643564050429,24576.0,24576,,,,,
11.437494,13.049991,8.100003,1536.0,0.9607260336347708,30720.0,30720,,,,,
,,,,,,30720,52.75,,,,
,,,,,30720.0,30720,,6.6000013,9.749999,4.3500013,1536.0
12.637491,14.549987,10.199998,1536.0,0.1919608608705036,6144.0,6144,,,,,
9.375,10.799996,8.4000025,1536.0,0.3836119693133813,12288.0,12288,,,,,
11.137495,12.749991,9.000001,1536.0,0.5748456393503348,18432.0,18432,,,,,
12.487492,13.34999,10.949996,1536.0,0.7659106105334985,24576.0,24576,,,,,
11.212496,13.949988,9.599999,1536.0,0.9566685687982864,30720.0,30720,,,,,
,,,,,,30720,39.5,,,,
,,,,,30720.0,30720,,8.587502,9.749999,7.6500034,1536.0
12.787491,14.249988,11.849994,1536.0,0.1911200341164781,6144.0,6144,,,,,
9.862499,12.299993,8.4000025,1536.0,0.3819647515967513,12288.0,12288,,,,,
11.324995,12.299993,9.000001,1536.0,0.5723884790711227,18432.0,18432,,,,,
11.174995,12.899991,9.45,1536.0,0.7626362397298003,24576.0,24576,,,,,
11.699994,14.099988,9.899999,1536.0,0.9526214305230402,30720.0,30720,,,,,
,,,,,,30720,52.25,,,,
,,,,,30720.0,30720,,6.675001,9.899999,4.2000012,1536.0
12.599992,14.099988,11.399995,1536.0,0.1903202616101125,6144.0,6144,,,,,
10.949996,13.049991,9.150001,1536.0,0.3803844014307492,12288.0,12288,,,,,
9.9749975,11.399995,7.0500026,1536.0,0.5700414725144716,18432.0,18432,,,,,
10.762497,12.899991,8.700002,1536.0,0.7595055715724975,24576.0,24576,,,,,
9.4125,10.199998,8.550002,1536.0,0.9486795710361372,30720.0,30720,,,,,
,,,,,,30720,7.25,,,,
,,,,,30720.0,30720,,13.42499,14.399987,12.149993,1536.0
13.649989,14.549987,13.19999,1536.0,0.1895304949066258,6144.0,6144,,,,,
10.162498,11.699994,8.700002,1536.0,0.3787903715882808,12288.0,12288,,,,,
11.249995,13.4999895,9.899999,1536.0,0.5675806527149739,18432.0,18432,,,,,
13.31249,13.949988,12.599992,1536.0,0.7562424337041684,24576.0,24576,,,,,
10.274998,11.699994,8.550002,1536.0,0.9446753380164028,30720.0,30720,,,,,
,,,,,,30720,76.25,,,,
,,,,,30720.0,30720,,3.0750005,4.5000014,1.9499999,1536.0
12.074993,13.19999,9.45,1536.0,0.188742178209017,6144.0,6144,,,,,
10.237495,12.449992,5.7000017,1536.0,0.3772179365049752,12288.0,12288,,,,,
9.974998,11.849994,8.550002,1536.0,0.565283955635907,18432.0,18432,,,,,
11.287495,13.799989,10.199998,1536.0,0.7531787262049877,24576.0,24576,,,,,
12.074993,13.949988,10.3499975,1536.0,0.9407871414888468,30720.0,30720,,,,,
,,,,,,30720,70.5,,,,
,,,,,30720.0,30720,,3.937501,4.8000016,3.4500008,1536.0
13.31249,14.549987,12.599992,1536.0,0.1879669441142671,6144.0,6144,,,,,
10.387497,11.249995,8.700002,1536.0,0.3756595753246641,12288.0,12288,,,,,
13.387489,14.249988,12.449992,1536.0,0.5629325578350773,18432.0,18432,,,,,
9.937498,11.399995,8.850001,1536.0,0.7500243558582836,24576.0,24576,,,,,
12.712492,13.19999,11.699994,1536.0,0.9368576558361804,30720.0,30720,,,,,
,,,,,,30720,47.0,,,,
,,,,,30720.0,30720,,7.462503,8.100003,7.050003,1536.0
12.299993,13.799989,11.099996,1536.0,0.1871821648888008,6144.0,6144,,,,,
8.549999,10.499997,5.2500014,1536.0,0.3740864884677814,12288.0,12288,,,,,
11.849994,13.649989,10.649997,1536.0,0.5606185028805744,18432.0,18432,,,,,
11.624994,13.19999,9.749999,1536.0,0.7469629563548457,24576.0,24576,,,,,
13.4999895,14.249988,12.449992,1536.0,0.9330748304242308,30720.0,30720,,,,,
,,,,,,30720,27.25,,,,
,,,,,30720.0,30720,,10.424997,11.849994,8.4000025,1536.0
13.42499,14.399987,12.449992,1536.0,0.1864225889334158,6144.0,6144,,,,,
10.312496,13.049991,7.0500026,1536.0,0.3725622840633889,12288.0,12288,,,,,
12.449992,14.099988,11.249995,1536.0,0.5582774655280848,18432.0,18432,,,,,
8.6625,11.399995,6.000002,1536.0,0.7438559258398487,24576.0,24576,,,,,
12.449992,13.799989,9.749999,1536.0,0.9291208225633864,30720.0,30720,,,,,
,,,,,,30720,18.0,,,,
,,,,,30720.0,30720,,11.812494,13.19999,10.949996,1536.0
12.337492,14.099988,9.899999,1536.0,0.1856408132977968,6144.0,6144,,,,,
9.599998,13.049991,7.650003,1536.0,0.3710255772907496,12288.0,12288,,,,,
9.637499,11.699994,7.500003,1536.0,0.5559987164648839,18432.0,18432,,,,,
10.387497,11.699994,9.000001,1536.0,0.7408301569970427,24576.0,24576,,,,,
9.1125,10.3499975,7.350003,1536.0,0.9254111339066146,30720.0,30720,,,,,
,,,,,,30720,14.5,,,,
,,,,,30720.0,30720,,12.337492,13.949988,11.399995,1536.0
13.27499,13.799989,12.749991,1536.0,0.1848815731148458,6144.0,6144,,,,,
9.3375,10.499997,8.100003,1536.0,0.3694993911413416,12288.0,12288,,,,,
12.074993,13.4999895,9.45,1536.0,0.5537775358495244,18432.0,18432,,,,,
9.974998,11.549994,7.500003,1536.0,0.7378395888289809,24576.0,24576,,,,,
10.649997,12.299993,9.000001,1536.0,0.921654736480318,30720.0,30720,,,,,
,,,,,,30720,10.5,,,,
,,,,,30720.0,30720,,12.93749,13.649989,11.549994,1536.0
12.974991,13.4999895,12.149993,1536.0,0.1841374835106816,6144.0,6144,,,,,
10.799996,13.049991,8.4000025,1536.0,0.3680215166427749,12288.0,12288,,,,,
11.474995,11.999993,10.499997,1536.0,0.5515768375756996,18432.0,18432,,,,,
9.487499,10.3499975,7.500003,1536.0,0.734938504213203,24576.0,24576,,,,,
10.312498,11.999993,9.150001,1536.0,0.9180573787136448,30720.0,30720,,,,,
,,,,,,30720,41.0,,,,
,,,,,30720.0,30720,,8.362501,10.049998,7.5000033,1536.0
9.899999,11.399995,8.700002,1536.0,0.1834268969441639,6144.0,6144,,,,,
11.324995,13.34999,7.650003,1536.0,0.3665759043870698,12288.0,12288,,,,,
12.449992,13.34999,10.799996,1536.0,0.5493945074414699,18432.0,18432,,,,,
12.637491,13.649989,11.399995,1536.0,0.7320382787165209,24576.0,24576,,,,,
11.437494,12.599992,9.599999,1536.0,0.914449282991836,30720.0,30720,,,,,
,,,,,,30720,25.5,,,,
,,,,,30720.0,30720,,10.687496,12.899991,8.4000025,1536.0
12.599992,14.699986,11.099996,1536.0,0.182716831337931,6144.0,6144,,,,,
9.824999,11.399995,9.000001,1536.0,0.3651727325468465,12288.0,12288,,,,,
12.224993,13.799989,10.199998,1536.0,0.547227768126411,18432.0,18432,,,,,
9.3375,11.549994,7.650003,1536.0,0.7291236963896758,24576.0,24576,,,,,
12.374992,14.249988,10.949996,1536.0,0.910731031778185,30720.0,30720,,,,,
,,,,,,30720,17.0,,,,
,,,,,30720.0,30720,,11.962494,13.049991,9.749999,1536.0
12.712492,13.949988,10.499997,1536.0,0.1819702309455967,6144.0,6144,,,,,
8.812502,10.649997,7.800003,1536.0,0.3636852861177909,12288.0,12288,,,,,
11.512495,14.549987,9.599999,1536.0,0.545044219104254,18432.0,18432,,,,,
13.574989,14.249988,13.049991,1536.0,0.7262215239920334,24576.0,24576,,,,,
9.299999,10.949996,7.650003,1536.0,0.9071633203620492,30720.0,30720,,,,,
,,,,,,30720,42.25,,,,
,,,,,30720.0,30720,,8.175001,9.45,6.1500025,1536.0
13.537489,14.249988,12.749991,1536.0,0.181256880949161,6144.0,6144,,,,,
11.362495,11.699994,11.099996,1536.0,0.3622627532577367,12288.0,12288,,,,,
12.562492,13.4999895,11.549994,1536.0,0.5428607141311448,18432.0,18432,,,,,
12.599992,13.049991,12.149993,1536.0,0.7233681751811929,24576.0,24576,,,,,
11.549994,12.749991,10.3499975,1536.0,0.9035862492398642,30720.0,30720,,,,,
,,,,,,30720,63.25,,,,
,,,,,30720.0,30720,,5.0250015,5.700002,4.5000014,1536.0
12.562492,13.799989,10.3499975,1536.0,0.1805304040786113,6144.0,6144,,,,,
9.637499,10.199998,9.000001,1536.0,0.3608256409268895,12288.0,12288,,,,,
11.887493,13.4999895,10.649997,1536.0,0.540730593093635,18432.0,18432,,,,,
11.174995,13.799989,9.45,1536.0,0.7205043734557984,24576.0,24576,,,,,
12.487492,14.399987,11.549994,1536.0,0.8999940416347324,30720.0,30720,,,,,
,,,,,,30720,22.75,,,,
,,,,,30720.0,30720,,11.099995,13.4999895,7.3500032,1536.0
12.262493,13.19999,10.3499975,1536.0,0.1798239083850022,6144.0,6144,,,,,
9.862499,13.19999,7.950003,1536.0,0.3593833973534838,12288.0,12288,,,,,
9.525,11.249995,7.950003,1536.0,0.5385722472232666,18432.0,18432,,,,,
7.8750014,9.899999,5.7000017,1536.0,0.7176124444330323,24576.0,24576,,,,,
9.674999,10.799996,8.4000025,1536.0,0.8964297660296795,30720.0,30720,,,,,
,,,,,,30720,7.5,,,,
,,,,,30720.0,30720,,13.387489,14.699986,12.299993,1536.0
12.974991,13.799989,12.149993,1536.0,0.1791192294850369,6144.0,6144,,,,,
8.887499,12.899991,5.4000015,1536.0,0.3580016382044136,12288.0,12288,,,,,
11.474995,13.799989,9.749999,1536.0,0.5365378213109777,18432.0,18432,,,,,
10.012498,12.749991,7.350003,1536.0,0.71492478676856,24576.0,24576,,,,,
11.587494,12.599992,10.799996,1536.0,0.893008907835675,30720.0,30720,,,,,
,,,,,,30720,32.75,,,,
,,,,,30720.0,30720,,9.599999,10.949996,8.850001,1536.0
12.524992,13.4999895,10.649997,1536.0,0.1784215653820069,6144.0,6144,,,,,
10.499996,12.749991,6.7500024,1536.0,0.3566058297070908,12288.0,12288,,,,,
9.674999,12.299993,7.650003,1536.0,0.5344640328657686,18432.0,18432,,,,,
12.374992,13.949988,11.099996,1536.0,0.7121436541056172,24576.0,24576,,,,,
11.512495,12.149993,10.3499975,1536.0,0.8895578408073803,30720.0,30720,,,,,
,,,,,,30720,64.5,,,,
,,,,,30720.0,30720,,4.8375015,5.400002,4.5000014,1536.0
12.974991,13.949988,11.249995,1536.0,0.1777349832299009,6144.0,6144,,,,,
10.237495,13.949988,4.800001,1536.0,0.3552239803334624,12288.0,12288,,,,,
10.912497,11.999993,9.45,1536.0,0.532376062850761,18432.0,18432,,,,,
10.687496,11.699994,9.749999,1536.0,0.7093764021257416,24576.0,24576,,,,,
11.662495,12.599992,10.499997,1536.0,0.8861315626480281,30720.0,30720,,,,,
,,,,,,30720,45.0,,,,
,,,,,30720.0,30720,,7.762503,8.250003,6.750003,1536.0
12.674992,14.549987,10.949996,1536.0,0.1770605648101271,6144.0,6144,,,,,
9.749998,11.249995,7.650003,1536.0,0.3538757490013396,12288.0,12288,,,,,
11.099996,11.549994,10.649997,1536.0,0.5303726787323673,18432.0,18432,,,,,
10.049998,12.449992,8.250003,1536.0,0.706679040086095,24576.0,24576,,,,,
10.687496,11.849994,9.150001,1536.0,0.8827538568797466,30720.0,30720,,,,,
,,,,,,30720,36.0,,,,
,,,,,30720.0,30720,,9.112501,10.199998,7.9500036,1536.0
12.562492,14.399987,9.899999,1536.0,0.1763878393955375,6144.0,6144,,,,,
12.974991,13.649989,12.299993,1536.0,0.3525268434525873,12288.0,12288,,,,,
11.099996,13.049991,9.000001,1536.0,0.5283398982342625,18432.0,18432,,,,,
11.324995,12.749991,9.749999,1536.0,0.7039700262138775,24576.0,24576,,,,,
13.08749,14.549987,11.699994,1536.0,0.8793837267827564,30720.0,30720,,,,,
,,,,,,30720,34.0,,,,
,,,,,30720.0,30720,,9.4125,10.3499975,7.950003,1536.0
12.637491,13.649989,11.849994,1536.0,0.1756979784388403,6144.0,6144,,,,,
10.349997,13.649989,7.650003,1536.0,0.3511495550193176,12288.0,12288,,,,,
8.700001,10.199998,7.2000027,1536.0,0.5262778723226393,18432.0,18432,,,,,
11.587494,12.599992,9.150001,1536.0,0.7012500584666724,24576.0,24576,,,,,
11.024996,12.149993,9.599999,1536.0,0.8759806626026776,30720.0,30720,,,,,
,,,,,,30720,56.75,,,,
,,,,,30720.0,30720,,6.0000024,6.600003,5.550002,1536.0
13.724989,14.549987,13.049991,1536.0,0.1750355091191383,6144.0,6144,,,,,
12.412493,13.4999895,11.399995,1536.0,0.3498440567564236,12288.0,12288,,,,,
9.787498,11.699994,7.950003,1536.0,0.5242724987130558,18432.0,18432,,,,,
10.087498,10.649997,9.599999,1536.0,0.6985842638830523,24576.0,24576,,,,,
11.249995,12.749991,9.150001,1536.0,0.8726604883053031,30720.0,30720,,,,,
,,,,,,30720,11.75,,,,
,,,,,30720.0,30720,,12.749991,14.099988,10.649997,1536.0
12.1124935,14.099988,9.45,1536.0,0.1743629530963597,6144.0,6144,,,,,
8.925001,11.099996,7.800003,1536.0,0.3484744124215181,12288.0,12288,,,,,
9.150001,10.799996,7.800003,1536.0,0.5222564990130826,18432.0,18432,,,,,
8.512503,9.150001,7.950003,1536.0,0.6958661984838094,24576.0,24576,,,,,
12.1124935,13.34999,10.949996,1536.0,0.8692805256420411,30720.0,30720,,,,,
,,,,,,30720,35.75,,,,
,,,,,30720.0,30720,,9.150001,10.3499975,8.550002,1536.0
12.037493,13.799989,9.000001,1536.0,0.1736920538558645,6144.0,6144,,,,,
11.287495,12.899991,7.500003,1536.0,0.3471554833161723,12288.0,12288,,,,,
12.487492,14.099988,11.099996,1536.0,0.520258489395071,18432.0,18432,,,,,
12.337492,14.099988,10.799996,1536.0,0.6932247732113898,24576.0,24576,,,,,
11.962494,12.899991,11.399995,1536.0,0.8659588304285634,30720.0,30720,,,,,
,,,,,,30720,71.75,,,,
,,,,,30720.0,30720,,3.750001,4.050001,3.3000007,1536.0
13.162491,14.099988,11.549994,1536.0,0.1730226443908483,6144.0,6144,,,,,
10.312498,11.399995,9.000001,1536.0,0.3458210820334279,12288.0,12288,,,,,
10.274998,10.649997,9.599999,1536.0,0.5182734198107064,18432.0,18432,,,,,
8.775002,9.749999,8.4000025,1536.0,0.6905963013722887,24576.0,24576,,,,,
11.849994,13.34999,10.499997,1536.0,0.8627057605299917,30720.0,30720,,,,,
,,,,,,30720,9.0,,,,
,,,,,30720.0,30720,,13.162491,14.699986,11.849994,1536.0
13.42499,13.799989,13.049991,1536.0,0.1723821696318268,6144.0,6144,,,,,
11.999993,12.749991,11.549994,1536.0,0.3445251844834648,12288.0,12288,,,,,
8.925,9.749999,6.7500024,1536.0,0.5163696240634071,18432.0,18432,,,,,
9.3375,10.3499975,8.700002,1536.0,0.6880626002619139,24576.0,24576,,,,,
12.974991,14.249988,12.299993,1536.0,0.8595097713675827,30720.0,30720,,,,,
,,,,,,30720,17.5,,,,
,,,,,30720.0,30720,,11.887493,13.949988,8.700002,1536.0
13.08749,14.249988,11.849994,1536.0,0.171736392397347,6144.0,6144,,,,,
11.287495,12.899991,8.700002,1536.0,0.3432537966355143,12288.0,12288,,,,,
10.499997,12.149993,9.599999,1536.0,0.514465741509497,18432.0,18432,,,,,
11.699994,13.649989,9.899999,1536.0,0.6855365664877038,24576.0,24576,,,,,
12.149993,13.4999895,9.899999,1536.0,0.856314861994038,30720.0,30720,,,,,
,,,,,,30720,81.0,,,,
,,,,,30720.0,30720,,2.3625002,2.7000003,2.1,1536.0
12.599992,13.649989,11.849994,1536.0,0.1711110403947838,6144.0,6144,,,,,
10.312496,13.049991,6.6000023,1536.0,0.3419983632625358,12288.0,12288,,,,,
13.31249,13.949988,12.149993,1536.0,0.5125958211924426,18432.0,18432,,,,,
10.574997,13.799989,8.850001,1536.0,0.6830447243842308,24576.0,24576,,,,,
11.9249935,13.049991,10.799996,1536.0,0.8532627042188966,30720.0,30720,,,,,
,,,,,,30720,56.5,,,,
,,,,,30720.0,30720,,6.0375023,7.3500032,5.400002,1536.0
12.712492,14.549987,11.099996,1536.0,0.1704849452632239,6144.0,6144,,,,,
11.399995,11.999993,10.649997,1536.0,0.3407578357990393,12288.0,12288,,,,,
11.362495,12.149993,10.049998,1536.0,0.510730474699554,18432.0,18432,,,,,
11.399995,13.949988,9.599999,1536.0,0.6805276824892169,24576.0,24576,,,,,
11.212496,13.34999,9.45,1536.0,0.8500632107683911,30720.0,30720,,,,,
,,,,,,30720,58.5,,,,
,,,,,30720.0,30720,,5.737502,7.3500032,3.900001,1536.0
12.93749,13.649989,12.149993,1536.0,0.1698503846123762,6144.0,6144,,,,,
11.662494,13.649989,7.350003,1536.0,0.3394616824467139,12288.0,12288,,,,,
12.599992,13.34999,11.399995,1536.0,0.5087800881786809,18432.0,18432,,,,,
9.412498,10.799996,6.9000025,1536.0,0.6779457781400745,24576.0,24576,,,,,
7.9500017,9.45,7.2000027,1536.0,0.8468993882155917,30720.0,30720,,,,,
,,,,,,30720,82.5,,,,
,,,,,30720.0,30720,,2.1375,3.0000005,1.8,1536.0
13.162491,14.549987,11.999993,1536.0,0.1692179652639173,6144.0,6144,,,,,
10.124998,12.899991,8.550002,1536.0,0.3382187855447324,12288.0,12288,,,,,
10.124998,13.19999,8.4000025,1536.0,0.5069255534120738,18432.0,18432,,,,,
12.299993,13.799989,10.499997,1536.0,0.6754730118767446,24576.0,24576,,,,,
12.562492,13.4999895,11.549994,1536.0,0.8438193901075913,30720.0,30720,,,,,
,,,,,,30720,32.0,,,,
,,,,,30720.0,30720,,9.7125,12.599992,8.250003,1536.0
12.787491,13.949988,10.3499975,1536.0,0.1686031864618552,6144.0,6144,,,,,
10.312497,13.34999,7.350003,1536.0,0.3369856370065499,12288.0,12288,,,,,
11.249995,12.299993,10.3499975,1536.0,0.5050879831146429,18432.0,18432,,,,,
12.824991,13.949988,11.399995,1536.0,0.673075841851332,24576.0,24576,,,,,
10.537497,11.099996,10.049998,1536.0,0.8408164286219529,30720.0,30720,,,,,
,,,,,,30720,40.25,,,,
,,,,,30720.0,30720,,8.475001,10.049998,7.200003,1536.0
12.899991,13.649989,11.849994,1536.0,0.1680161947604923,6144.0,6144,,,,,
9.974998,12.899991,7.650003,1536.0,0.3358193143209259,12288.0,12288,,,,,
10.724997,11.999993,8.700002,1536.0,0.5033476354544518,18432.0,18432,,,,,
11.999993,13.649989,9.3,1536.0,0.6707035217387424,24576.0,24576,,,,,
11.437494,13.799989,10.199998,1536.0,0.8378521033717745,30720.0,30720,,,,,
,,,,,,30720,8.25,,,,
,,,,,30720.0,30720,,13.27499,13.949988,11.699994,1536.0
12.93749,13.34999,12.599992,1536.0,0.1674096265335438,6144.0,6144,,,,,
9.412498,11.549994,6.6000023,1536.0,0.3346007017298986,12288.0,12288,,,,,
12.599992,13.649989,10.499997,1536.0,0.501441825827345,18432.0,18432,,,,,
12.712492,13.949988,11.549994,1536.0,0.6681837202332032,24576.0,24576,,,,,
11.249995,14.549987,9.000001,1536.0,0.8347252396767408,30720.0,30720,,,,,
,,,,,,30720,26.5,,,,
,,,,,30720.0,30720,,10.537497,11.849994,9.000001,1536.0
12.449992,14.099988,11.399995,1536.0,0.1667871349413898,6144.0,6144,,,,,
11.812494,13.4999895,10.499997,1536.0,0.3333598879024655,12288.0,12288,,,,,
9.787498,11.249995,8.700002,1536.0,0.4996540497471445,18432.0,18432,,,,,
13.19999,14.249988,11.849994,1536.0,0.665797102227994,24576.0,24576,,,,,
10.424997,13.34999,8.250003,1536.0,0.8317421422272941,30720.0,30720,,,,,
,,,,,,30720,16.0,,,,
,,,,,30720.0,30720,,12.1124935,14.249988,10.499997,1536.0
12.412493,13.799989,9.45,1536.0,0.1662015807082711,6144.0,6144,,,,,
9.15,11.249995,6.150002,1536.0,0.3321944620992184,12288.0,12288,,,,,
12.749991,13.799989,11.699994,1536.0,0.4979061745361285,18432.0,18432,,,,,
12.93749,13.799989,11.699994,1536.0,0.6634643665401244,24576.0,24576,,,,,
9.262499,11.849994,6.6000023,1536.0,0.8288273072272199,30720.0,30720,,,,,
,,,,,,30720,38.0,,,,
,,,,,30720.0,30720,,8.8125,9.899999,7.050003,1536.0
13.049991,13.4999895,12.599992,1536.0,0.1656108154102418,6144.0,6144,,,,,
11.512495,13.19999,9.000001,1536.0,0.3310129059239727,12288.0,12288,,,,,
11.7374935,12.749991,10.199998,1536.0,0.4961318869451247,18432.0,18432,,,,,
11.399995,12.749991,10.799996,1536.0,0.6610803271548066,24576.0,24576,,,,,
11.437494,11.849994,11.099996,1536.0,0.8258550506257222,30720.0,30720,,,,,
,,,,,,30720,45.75,,,,
,,,,,30720.0,30720,,7.650002,9.599999,6.3000026,1536.0
12.749991,13.949988,10.799996,1536.0,0.1650225595965909,6144.0,6144,,,,,
12.787491,14.399987,9.749999,1536.0,0.3298011429035722,12288.0,12288,,,,,
10.499997,11.099996,9.150001,1536.0,0.4943270427337592,18432.0,18432,,,,,
10.012499,10.799996,9.3,1536.0,0.6586891419194232,24576.0,24576,,,,,
8.962501,9.899999,7.350003,1536.0,0.8228280826883143,30720.0,30720,,,,,
,,,,,,30720,27.75,,,,
,,,,,30720.0,30720,,10.3499975,11.699994,8.850001,1536.0
12.974991,14.399987,11.849994,1536.0,0.1644092328512749,6144.0,6144,,,,,
10.3499975,11.549994,8.700002,1536.0,0.3286181756791858,12288.0,12288,,,,,
10.912497,12.749991,7.800003,1536.0,0.4925149073173849,18432.0,18432,,,,,
10.837496,12.149993,8.550002,1536.0,0.6562906611655104,24576.0,24576,,,,,
9.974998,11.699994,8.4000025,1536.0,0.8198684068893481,30720.0,30720,,,,,
,,,,,,30720,30.5,,,,
,,,,,30720.0,30720,,9.937498,10.799996,9.000001,1536.0
12.862492,14.699986,10.3499975,1536.0,0.1638346886020479,6144.0,6144,,,,,
10.874996,11.699994,9.3,1536.0,0.3274704873122995,12288.0,12288,,,,,
10.424997,11.999993,8.550002,1536.0,0.4908152831942137,18432.0,18432,,,,,
11.062496,13.4999895,9.899999,1536.0,0.6540144223385133,24576.0,24576,,,,,
11.399995,12.449992,10.649997,1536.0,0.8170343671454935,30720.0,30720,,,,,
,,,,,,30720,74.0,,,,
,,,,,30720.0,30720,,3.4125009,3.6000009,3.1500006,1536.0
12.037493,13.19999,11.249995,1536.0,0.1632605302117639,6144.0,6144,,,,,
8.400001,11.399995,6.450002,1536.0,0.326322052338005,12288.0,12288,,,,,
8.85,10.799996,6.9000025,1536.0,0.489087246041941,18432.0,18432,,,,,
11.624994,12.299993,10.499997,1536.0,0.6517454529950997,24576.0,24576,,,,,
11.174995,11.699994,10.3499975,1536.0,0.8141423832916365,30720.0,30720,,,,,
,,,,,,30720,86.5,,,,
,,,,,30720.0,30720,,1.5374999,1.7999998,1.1999999,1536.0
13.12499,13.799989,11.549994,1536.0,0.1626823393159311,6144.0,6144,,,,,
8.999999,10.799996,5.850002,1536.0,0.3251535329628217,12288.0,12288,,,,,
12.637491,13.19999,12.299993,1536.0,0.4873628652457164,18432.0,18432,,,,,
12.262493,13.4999895,9.899999,1536.0,0.6494249868691397,24576.0,24576,,,,,
11.474995,11.849994,10.799996,1536.0,0.8113028373771313,30720.0,30720,,,,,
,,,,,,30720,35.75,,,,
,,,,,30720.0,30720,,9.15,11.999993,7.350003,1536.0
12.412493,13.649989,11.399995,1536.0,0.1621149668499668,6144.0,6144,,,,,
10.574997,13.049991,7.500003,1536.0,0.3240211448706113,12288.0,12288,,,,,
11.699994,12.449992,10.949996,1536.0,0.4856454176531935,18432.0,18432,,,,,
11.287495,14.099988,8.850001,1536.0,0.6471318074438274,24576.0,24576,,,,,
9.749996,13.649989,6.000002,1536.0,0.8084351048070826,30720.0,30720,,,,,
,,,,,,30720,54.25,,,,
,,,,,30720.0,30720,,6.375003,7.5000033,6.0000024,1536.0
13.12499,13.949988,12.449992,1536.0,0.1615413182193289,6144.0,6144,,,,,
10.124998,11.549994,7.950003,1536.0,0.3228949008048666,12288.0,12288,,,,,
9.525,11.099996,8.100003,1536.0,0.4839492755549891,18432.0,18432,,,,,
11.549994,12.899991,10.049998,1536.0,0.6448844043430043,24576.0,24576,,,,,
11.999993,13.799989,10.199998,1536.0,0.8056180392073499,30720.0,30720,,,,,
,,,,,,30720,70.75,,,,
,,,,,30720.0,30720,,3.900001,5.8500023,2.5500002,1536.0
12.524992,13.4999895,12.149993,1536.0,0.1609843344198104,6144.0,6144,,,,,
10.124998,12.749991,7.500003,1536.0,0.3217761260016484,12288.0,12288,,,,,
12.524992,13.34999,11.099996,1536.0,0.4823039098377395,18432.0,18432,,,,,
10.087498,11.549994,9.150001,1536.0,0.6426931047063154,24576.0,24576,,,,,
12.712492,13.949988,11.699994,1536.0,0.8028828508184259,30720.0,30720,,,,,
,,,,,,30720,53.75,,,,
,,,,,30720.0,30720,,6.4500027,7.8000035,5.100002,1536.0
13.012491,13.949988,12.149993,1536.0,0.1604376937465707,6144.0,6144,,,,,
8.962499,11.249995,4.800001,1536.0,0.3206756160531273,12288.0,12288,,,,,
8.737501,9.3,7.950003,1536.0,0.4806344492561949,18432.0,18432,,,,,
11.7374935,13.799989,9.45,1536.0,0.6404602037492388,24576.0,24576,,,,,
10.049998,10.799996,8.850001,1536.0,0.8000753784188568,30720.0,30720,,,,,
,,,,,,30720,56.0,,,,
,,,,,30720.0,30720,,6.112502,7.200003,5.250002,1536.0
11.7374935,13.949988,9.899999,1536.0,0.1598747788193353,6144.0,6144,,,,,
9.225,10.199998,8.550002,1536.0,0.3195417574939218,12288.0,12288,,,,,
11.774994,13.19999,9.45,1536.0,0.4789223124511885,18432.0,18432,,,,,
11.699994,11.849994,11.549994,1536.0,0.6381928085421814,24576.0,24576,,,,,
12.787491,13.4999895,11.399995,1536.0,0.797277005165154,30720.0,30720,,,,,
,,,,,,30720,35.75,,,,
,,,,,30720.0,30720,,9.15,11.849994,6.900003,1536.0
12.149993,13.649989,10.649997,1536.0,0.1593138767711171,6144.0,6144,,,,,
11.7374935,14.099988,9.150001,1536.0,0.3184195826125749,12288.0,12288,,,,,
8.6625,10.499997,6.6000023,1536.0,0.4772819484503548,18432.0,18432,,,,,
12.674992,13.799989,11.399995,1536.0,0.6360073587340643,24576.0,24576,,,,,
10.987495,14.549987,7.950003,1536.0,0.7945435566773608,30720.0,30720,,,,,
,,,,,,30720,66.5,,,,
,,,,,30720.0,30720,,4.5375013,5.100002,4.2000012,1536.0
12.487492,13.649989,11.099996,1536.0,0.1587744195575881,6144.0,6144,,,,,
8.475,10.649997,6.7500024,1536.0,0.3173686613140289,12288.0,12288,,,,,
11.324995,13.049991,9.45,1536.0,0.4756775476046093,18432.0,18432,,,,,
8.85,9.749999,7.2000027,1536.0,0.6338598317192149,24576.0,24576,,,,,
7.9500017,9.000001,6.000002,1536.0,0.7918587234550895,30720.0,30720,,,,,
,,,,,,30720,46.25,,,,
,,,,,30720.0,30720,,7.5750017,9.749999,6.4500027,1536.0
12.412493,12.899991,11.849994,1536.0,0.158232507905725,6144.0,6144,,,,,
10.199998,12.899991,7.950003,1536.0,0.3162679971386766,12288.0,12288,,,,,
9.075001,10.799996,7.800003,1536.0,0.4740184784177933,18432.0,18432,,,,,
10.3499975,11.699994,8.4000025,1536.0,0.6316677742482764,24576.0,24576,,,,,
9.375,10.199998,8.700002,1536.0,0.7891478022742933,30720.0,30720,,,,,
,,,,,,30720,57.5,,,,
,,,,,30720.0,30720,,5.887502,7.6500034,5.250002,1536.0
12.449992,13.649989,10.049998,1536.0,0.1576897928737322,6144.0,6144,,,,,
8.887501,10.3499975,7.350003,1536.0,0.3151958258379646,12288.0,12288,,,,,
12.412493,13.4999895,11.249995,1536.0,0.4724357335353469,18432.0,18432,,,,,
8.362501,10.199998,5.7000017,1536.0,0.6295220768159787,24576.0,24576,,,,,
11.437494,13.949988,10.3499975,1536.0,0.7863828006262968,30720.0,30720,,,,,
,,,,,,30720,54.25,,,,
,,,,,30720.0,30720,,6.3750024,8.250003,4.8000016,1536.0
12.899991,13.799989,11.849994,1536.0,0.1571358608801003,6144.0,6144,,,,,
7.8375006,10.3499975,5.4000015,1536.0,0.3140785369946623,12288.0,12288,,,,,
11.174995,13.4999895,10.049998,1536.0,0.4707662119130694,18432.0,18432,,,,,
9.000001,10.199998,7.800003,1536.0,0.6273018801735288,24576.0,24576,,,,,
10.874996,11.399995,10.3499975,1536.0,0.7836630673813917,30720.0,30720,,,,,
,,,,,,30720,20.75,,,,
,,,,,30720.0,30720,,11.399995,13.34999,9.150001,1536.0
12.449992,13.19999,11.549994,1536.0,0.1566031904080912,6144.0,6144,,,,,
6.9750023,8.550002,5.850002,1536.0,0.3130241058881433,12288.0,12288,,,,,
12.187492,13.649989,10.499997,1536.0,0.469188125472502,18432.0,18432,,,,,
13.46249,13.949988,12.899991,1536.0,0.6252157248388922,24576.0,24576,,,,,
9.2625,11.849994,7.800003,1536.0,0.7810399714026006,30720.0,30720,,,,,
,,,,,,30720,18.5,,,,
,,,,,30720.0,30720,,11.7374935,13.4999895,10.049998,1536.0
13.61249,14.549987,12.749991,1536.0,0.1560690701680846,6144.0,6144,,,,,
10.387497,12.149993,7.800003,1536.0,0.3119533862344446,12288.0,12288,,,,,
9.862497,12.299993,6.300002,1536.0,0.4675447779083614,18432.0,18432,,,,,
12.749991,13.649989,10.799996,1536.0,0.623032208363026,24576.0,24576,,,,,
10.574997,12.449992,8.700002,1536.0,0.7783444199000599,30720.0,30720,,,,,
,,,,,,30720,73.75,,,,
,,,,,30720.0,30720,,3.4500008,4.2000012,3.0000005,1536.0
12.262493,13.34999,9.749999,1536.0,0.1555414767851541,6144.0,6144,,,,,
10.199997,11.999993,7.500003,1536.0,0.3108949941657576,12288.0,12288,,,,,
11.812494,14.099988,10.499997,1536.0,0.4659887352642881,18432.0,18432,,,,,
12.187492,13.799989,10.649997,1536.0,0.6209548898656421,24576.0,24576,,,,,
9.862499,11.699994,8.100003,1536.0,0.7757310174353091,30720.0,30720,,,,,
,,,,,,30720,45.0,,,,
,,,,,30720.0,30720,,7.762502,9.3,5.400002,1536.0
13.31249,13.949988,11.699994,1536.0,0.1550099328638978,6144.0,6144,,,,,
9.0375,11.099996,6.9000025,1536.0,0.309829970726952,12288.0,12288,,,,,
11.474995,11.849994,10.499997,1536.0,0.4643962652135476,18432.0,18432,,,,,
12.674992,13.949988,11.249995,1536.0,0.6188401768828063,24576.0,24576,,,,,
11.962494,12.899991,11.549994,1536.0,0.7730875699954557,30720.0,30720,,,,,
,,,,,,30720,14.0,,,,
,,,,,30720.0,30720,,12.412493,13.799989,11.099996,1536.0
13.23749,14.399987,11.699994,1536.0,0.1544906334582421,6144.0,6144,,,,,
8.175001,9.599999,6.000002,1536.0,0.3087987394552922,12288.0,12288,,,,,
8.662501,10.049998,7.800003,1536.0,0.462852328719861,18432.0,18432,,,,,
11.624994,13.34999,9.749999,1536.0,0.616774356804792,24576.0,24576,,,,,
9.862499,10.949996,9.000001,1536.0,0.7704926671649163,30720.0,30720,,,,,
,,,,,,30720,21.25,,,,
,,,,,30720.0,30720,,11.324995,12.299993,9.899999,1536.0
12.037493,13.049991,10.499997,1536.0,0.1539699523237281,6144.0,6144,,,,,
11.324995,13.34999,8.550002,1536.0,0.3077577835154783,12288.0,12288,,,,,
11.699994,13.049991,10.049998,1536.0,0.4612823881320165,18432.0,18432,,,,,
11.812494,13.19999,8.850001,1536.0,0.6146818999935838,24576.0,24576,,,,,
9.2625,11.399995,7.500003,1536.0,0.7678991746992344,30720.0,30720,,,,,
,,,,,,30720,73.0,,,,
,,,,,30720.0,30720,,3.562501,4.6500015,2.7000003,1536.0
12.599992,13.34999,12.149993,1536.0,0.1534532166828419,6144.0,6144,,,,,
11.137495,12.899991,9.150001,1536.0,0.3067186878354965,12288.0,12288,,,,,
9.824999,10.499997,8.850001,1536.0,0.4597451059239422,18432.0,18432,,,,,
13.23749,14.099988,11.999993,1536.0,0.6126749304584844,24576.0,24576,,,,,
9.3375,11.399995,8.550002,1536.0,0.7653892996825531,30720.0,30720,,,,,
,,,,,,30720,28.5,,,,
,,,,,30720.0,30720,,10.237497,11.999993,9.3,1536.0
13.23749,14.549987,11.849994,1536.0,0.1529461813594181,6144.0,6144,,,,,
9.824999,12.299993,8.100003,1536.0,0.3057071494479177,12288.0,12288,,,,,
9.15,10.949996,6.7500024,1536.0,0.458216330613058,18432.0,18432,,,,,
11.812494,13.34999,10.3499975,1536.0,0.6105938236618391,24576.0,24576,,,,,
11.324995,12.899991,8.850001,1536.0,0.7628219148654214,30720.0,30720,,,,,
,,,,,,30720,52.5,,,,
,,,,,30720.0,30720,,6.637502,8.550002,5.250002,1536.0
12.637491,13.4999895,11.699994,1536.0,0.1524350852637967,6144.0,6144,,,,,
10.912495,12.899991,5.850002,1536.0,0.3046874584660538,12288.0,12288,,,,,
8.737501,9.599999,7.650003,1536.0,0.4567018231900209,18432.0,18432,,,,,
11.962494,14.249988,10.3499975,1536.0,0.6085814754150919,24576.0,24576,,,,,
12.187492,13.649989,9.749999,1536.0,0.7603132437616814,30720.0,30720,,,,,
,,,,,,30720,51.0,,,,
,,,,,30720.0,30720,,6.862503,8.100003,5.8500023,1536.0
12.862492,13.799989,11.099996,1536.0,0.1519355302329065,6144.0,6144,,,,,
12.749991,13.19999,12.449992,1536.0,0.3036870210911119,12288.0,12288,,,,,
12.974991,13.19999,12.749991,1536.0,0.455191736171103,18432.0,18432,,,,,
11.962494,13.649989,10.499997,1536.0,0.6065678535151484,24576.0,24576,,,,,
9.824997,14.249988,6.9000025,1536.0,0.7577620600989449,30720.0,30720,,,,,
,,,,,,30720,21.0,,,,
,,,,,30720.0,30720,,11.362495,13.19999,9.749999,1536.0
11.399995,12.599992,9.45,1536.0,0.1514183785114553,6144.0,6144,,,,,
9.712498,11.399995,5.7000017,1536.0,0.3026501663979535,12288.0,12288,,,,,
13.012491,13.34999,12.599992,1536.0,0.453653362776453,18432.0,18432,,,,,
10.837496,12.749991,8.850001,1536.0,0.60451384413706,24576.0,24576,,,,,
12.299993,14.549987,10.3499975,1536.0,0.7552160490664265,30720.0,30720,,,,,
,,,,,,30720,11.5,,,,
,,,,,30720.0,30720,,12.787491,13.799989,11.399995,1536.0
12.93749,13.949988,10.799996,1536.0,0.1509158419173783,6144.0,6144,,,,,
8.137501,11.399995,6.000002,1536.0,0.3016549390113143,12288.0,12288,,,,,
9.487499,11.549994,6.7500024,1536.0,0.452183225686634,18432.0,18432,,,,,
12.1124935,14.099988,10.049998,1536.0,0.6025760359958673,24576.0,24576,,,,,
10.162498,11.249995,9.000001,1536.0,0.7527883974522425,30720.0,30720,,,,,
,,,,,,30720,24.75,,,,
,,,,,30720.0,30720,,10.799996,12.449992,9.749999,1536.0
13.23749,14.099988,12.749991,1536.0,0.1504351060702152,6144.0,6144,,,,,
10.049998,11.399995,7.950003,1536.0,0.3006956265764566,12288.0,12288,,,,,
10.949996,12.599992,8.250003,1536.0,0.4507063127994791,18432.0,18432,,,,,
10.912497,11.399995,10.649997,1536.0,0.6006530773012309,24576.0,24576,,,,,
8.400002,9.45,7.2000027,1536.0,0.7503990104818812,30720.0,30720,,,,,
,,,,,,30720,9.5,,,,
,,,,,30720.0,30720,,13.08749,13.799989,12.149993,1536.0
12.974991,14.549987,11.099996,1536.0,0.1499525806653208,6144.0,6144,,,,,
11.099996,14.099988,8.4000025,1536.0,0.2997311936719006,12288.0,12288,,,,,
12.262493,13.19999,11.099996,1536.0,0.4492861952758678,18432.0,18432,,,,,
9.5625,11.999993,7.950003,1536.0,0.5987201705372698,24576.0,24576,,,,,
9.225,10.799996,8.100003,1536.0,0.7479837512537362,30720.0,30720,,,,,
,,,,,,30720,19.25,,,,
,,,,,30720.0,30720,,11.624994,12.449992,10.799996,1536.0
12.412493,13.799989,9.749999,1536.0,0.1494732995746722,6144.0,6144,,,,,
10.837496,13.649989,8.700002,1536.0,0.2987781116689919,12288.0,12288,,,,,
12.93749,14.249988,11.399995,1536.0,0.4478286704355494,18432.0,18432,,,,,
10.499997,11.849994,9.3,1536.0,0.5967784688579486,24576.0,24576,,,,,
9.974998,11.549994,7.800003,1536.0,0.745578751973303,30720.0,30720,,,,,
,,,,,,30720,12.5,,,,
,,,,,30720.0,30720,,12.637491,13.799989,11.099996,1536.0
13.049991,13.799989,11.999993,1536.0,0.1489901356672136,6144.0,6144,,,,,
9.899998,12.149993,7.650003,1536.0,0.2978057904959681,12288.0,12288,,,,,
11.062496,12.299993,9.749999,1536.0,0.4463685346739032,18432.0,18432,,,,,
12.412493,13.649989,10.799996,1536.0,0.5947999150780675,24576.0,24576,,,,,
13.4999895,14.549987,12.899991,1536.0,0.7430494919698319,30720.0,30720,,,,,
,,,,,,30720,30.5,,,,
,,,,,30720.0,30720,,9.937498,12.299993,6.7500024,1536.0
13.162491,14.249988,11.549994,1536.0,0.1484809382627016,6144.0,6144,,,,,
10.874996,11.699994,8.850001,1536.0,0.2967849560967991,12288.0,12288,,,,,
11.662495,13.19999,10.049998,1536.0,0.4448730237236617,18432.0,18432,,,,,
12.524992,14.099988,11.699994,1536.0,0.5928301029524381,24576.0,24576,,,,,
7.987503,8.550002,7.350003,1536.0,0.7406557040693077,30720.0,30720,,,,,
,,,,,,30720,53.75,,,,
,,,,,30720.0,30720,,6.4500027,8.4000025,4.6500015,1536.0
12.187492,13.4999895,10.949996,1536.0,0.1480059184450829,6144.0,6144,,,,,
9.225,9.899999,8.100003,1536.0,0.2958449855205121,12288.0,12288,,,,,
11.774994,14.099988,9.599999,1536.0,0.4434500568954995,18432.0,18432,,,,,
11.399995,12.749991,9.599999,1536.0,0.5909227870938815,24576.0,24576,,,,,
10.949996,12.899991,9.3,1536.0,0.7382389800917619,30720.0,30720,,,,,
,,,,,,30720,44.75,,,,
,,,,,30720.0,30720,,7.800002,9.45,6.4500027,1536.0
12.412493,13.049991,11.249995,1536.0,0.1475254823186827,6144.0,6144,,,,,
9.7125,10.949996,8.250003,1536.0,0.2948847693645287,12288.0,12288,,,,,
11.9249935,13.649989,8.550002,1536.0,0.4420129708263701,18432.0,18432,,,,,
11.812494,14.249988,9.45,1536.0,0.5890346952239727,24576.0,24576,,,,,
12.899991,14.099988,11.249995,1536.0,0.7358903915123924,30720.0,30720,,,,,
,,,,,,30720,43.75,,,,
,,,,,30720.0,30720,,7.950002,9.150001,6.900003,1536.0
12.262493,13.649989,9.749999,1536.0,0.1470574442174131,6144.0,6144,,,,,
10.387497,12.449992,9.000001,1536.0,0.29395142905164,12288.0,12288,,,,,
11.174995,13.799989,10.049998,1536.0,0.4405963648679252,18432.0,18432,,,,,
12.037493,12.449992,11.849994,1536.0,0.5871576902076266,24576.0,24576,,,,,
10.199998,12.749991,7.950003,1536.0,0.7335452744899089,30720.0,30720,,,,,
,,,,,,30720,9.0,,,,
,,,,,30720.0,30720,,13.162491,14.549987,11.999993,1536.0
13.049991,13.799989,12.299993,1536.0,0.1465882671452879,6144.0,6144,,,,,
11.999993,13.19999,10.499997,1536.0,0.2930064688121112,12288.0,12288,,,,,
9.262499,10.799996,7.0500026,1536.0,0.4392078150010183,18432.0,18432,,,,,
10.537497,11.999993,8.4000025,1536.0,0.5852758782942016,24576.0,24576,,,,,
10.912497,12.599992,9.3,1536.0,0.731181041921795,30720.0,30720,,,,,
,,,,,,30720,45.0,,,,
,,,,,30720.0,30720,,7.762502,9.45,5.8500023,1536.0
12.93749,14.399987,11.549994,1536.0,0.1461113920786092,6144.0,6144,,,,,
10.612497,11.849994,9.749999,1536.0,0.2920715879387027,12288.0,12288,,,,,
13.31249,14.699986,11.399995,1536.0,0.4378011647468305,18432.0,18432,,,,,
13.34999,14.099988,11.549994,1536.0,0.5834223962114633,24576.0,24576,,,,,
13.31249,14.249988,11.549994,1536.0,0.7288380241171455,30720.0,30720,,,,,
,,,,,,30720,75.25,,,,
,,,,,30720.0,30720,,3.2250006,4.050001,2.5500002,1536.0
13.049991,13.4999895,12.449992,1536.0,0.1456400551349805,6144.0,6144,,,,,
9.974998,11.849994,7.500003,1536.0,0.2911117119780753,12288.0,12288,,,,,
10.462498,11.099996,9.599999,1536.0,0.4363786395563834,18432.0,18432,,,,,
12.562492,13.949988,11.549994,1536.0,0.5815147656899676,24576.0,24576,,,,,
10.237497,10.799996,9.45,1536.0,0.7265051742381784,30720.0,30720,,,,,
,,,,,,30720,25.25,,,,
,,,,,30720.0,30720,,10.724997,12.599992,9.000001,1536.0
12.749991,13.949988,11.549994,1536.0,0.1451794810725663,6144.0,6144,,,,,
10.499997,13.19999,9.150001,1536.0,0.2901934031817182,12288.0,12288,,,,,
12.899991,13.649989,12.149993,1536.0,0.4349635701478473,18432.0,18432,,,,,
12.487492,14.249988,11.099996,1536.0,0.579629132221868,24576.0,24576,,,,,
7.9125032,9.000001,7.3500032,1536.0,0.7241940204821731,30720.0,30720,,,,,
,,,,,,30720,57.0,,,,
,,,,,30720.0,30720,,5.9625025,6.4500027,5.550002,1536.0
13.31249,14.399987,12.749991,1536.0,0.1447196360207518,6144.0,6144,,,,,
7.7250023,9.000001,6.450002,1536.0,0.2892845023755536,12288.0,12288,,,,,
11.9249935,12.749991,10.799996,1536.0,0.4336132453254565,18432.0,18432,,,,,
11.399995,13.799989,8.850001,1536.0,0.5778586559649586,24576.0,24576,,,,,
12.562492,13.799989,10.499997,1536.0,0.7219129471146715,30720.0,30720,,,,,
,,,,,,30720,80.25,,,,
,,,,,30720.0,30720,,2.4750004,3.1500006,1.65,1536.0
12.862492,13.949988,11.399995,1536.0,0.1442715559839866,6144.0,6144,,,,,
10.799996,12.749991,8.550002,1536.0,0.2883818257712821,12288.0,12288,,,,,
11.024996,12.899991,9.150001,1536.0,0.4322632073830756,18432.0,18432,,,,,
11.624994,14.099988,8.850001,1536.0,0.5760431020270876,24576.0,24576,,,,,
9.7874975,11.399995,6.450002,1536.0,0.7196834535425648,30720.0,30720,,,,,
,,,,,,30720,58.75,,,,
,,,,,30720.0,30720,,5.700002,6.4500027,5.250002,1536.0
11.7374935,13.19999,8.550002,1536.0,0.1438314942560571,6144.0,6144,,,,,
10.724997,13.049991,8.700002,1536.0,0.2875115047437737,12288.0,12288,,,,,
12.1124935,13.19999,10.949996,1536.0,0.4309487956929581,18432.0,18432,,,,,
11.999993,13.799989,10.499997,1536.0,0.5742938715496291,24576.0,24576,,,,,
11.662495,13.949988,8.850001,1536.0,0.7175094779166783,30720.0,30720,,,,,
,,,,,,30720,11.0,,,,
,,,,,30720.0,30720,,12.862492,13.799989,10.799996,1536.0
12.149993,13.19999,9.150001,1536.0,0.1433882220540761,6144.0,6144,,,,,
9.899999,10.799996,8.550002,1536.0,0.2866287953458454,12288.0,12288,,,,,
12.449992,13.049991,11.849994,1536.0,0.4296394926143027,18432.0,18432,,,,,
11.587494,13.049991,9.899999,1536.0,0.5725407717806149,24576.0,24576,,,,,
9.899999,10.649997,8.4000025,1536.0,0.7152889869390359,30720.0,30720,,,,,
,,,,,,30720,18.0,,,,
,,,,,30720.0,30720,,11.812494,13.799989,11.099996,1536.0
13.12499,13.799989,12.449992,1536.0,0.1429469144978764,6144.0,6144,,,,,
9.037499,10.949996,6.9000025,1536.0,0.2857248964964445,12288.0,12288,,,,,
12.224993,13.34999,11.249995,1536.0,0.4282812257442426,18432.0,18432,,,,,
9.7125,11.849994,7.950003,1536.0,0.5707370521338563,24576.0,24576,,,,,
6.0375023,7.2000027,4.650001,1536.0,0.7130418248463953,30720.0,30720,,,,,
,,,,,,30720,46.75,,,,
,,,,,30720.0,30720,,7.500002,9.3,5.700002,1536.0
12.862492,13.4999895,11.849994,1536.0,0.1424948983946233,6144.0,6144,,,,,
9.674999,11.399995,7.800003,1536.0,0.2848362976400928,12288.0,12288,,,,,
11.287495,12.749991,9.599999,1536.0,0.4269585800291186,18432.0,18432,,,,,
10.799996,13.049991,9.899999,1536.0,0.5689751553054202,24576.0,24576,,,,,
11.474995,11.999993,10.799996,1536.0,0.7108636701328953,30720.0,30720,,,,,
,,,,,,30720,31.5,,,,
,,,,,30720.0,30720,,9.787498,11.399995,8.700002,1536.0
10.949996,12.599992,9.150001,1536.0,0.1420639189538242,6144.0,6144,,,,,
10.087498,11.549994,9.150001,1536.0,0.2839642925941326,12288.0,12288,,,,,
13.08749,14.249988,11.549994,1536.0,0.425633933617426,18432.0,18432,,,,,
10.687496,12.149993,9.000001,1536.0,0.5671828374744727,24576.0,24576,,,,,
10.837496,11.699994,10.049998,1536.0,0.708596950919452,30720.0,30720,,,,,
,,,,,,30720,57.75,,,,
,,,,,30720.0,30720,,5.8500023,7.3500032,4.5000014,1536.0
13.19999,14.399987,11.399995,1536.0,0.1416005148991551,6144.0,6144,,,,,
10.837496,11.849994,9.899999,1536.0,0.2830372397522747,12288.0,12288,,,,,
12.074993,12.599992,11.399995,1536.0,0.4242660714485438,18432.0,18432,,,,,
8.775002,9.749999,7.950003,1536.0,0.565390694421629,24576.0,24576,,,,,
11.962494,13.19999,10.049998,1536.0,0.706365543469298,30720.0,30720,,,,,
,,,,,,30720,10.0,,,,
,,,,,30720.0,30720,,13.012491,14.099988,11.549994,1536.0
12.824991,13.4999895,11.699994,1536.0,0.1411581373804851,6144.0,6144,,,,,
9.562498,12.749991,7.0500026,1536.0,0.2821566235912132,12288.0,12288,,,,,
11.137495,13.19999,9.45,1536.0,0.4229462611756118,18432.0,18432,,,,,
11.212496,13.799989,7.950003,1536.0,0.5636328755781094,24576.0,24576,,,,,
10.124998,11.249995,8.850001,1536.0,0.704146988059341,30720.0,30720,,,,,
,,,,,,30720,37.5,,,,
,,,,,30720.0,30720,,8.887499,12.299993,5.550002,1536.0
13.23749,14.549987,12.299993,1536.0,0.1407240136479276,6144.0,6144,,,,,
8.1,10.499997,4.650001,1536.0,0.2812963105128809,12288.0,12288,,,,,
9.937498,11.399995,9.3,1536.0,0.4216330252712856,18432.0,18432,,,,,
11.174995,12.449992,10.049998,1536.0,0.5618903772991329,24576.0,24576,,,,,
12.037493,12.749991,11.399995,1536.0,0.7019949154946562,30720.0,30720,,,,,
,,,,,,30720,54.75,,,,
,,,,,30720.0,30720,,6.3000026,7.6500034,5.550002,1536.0
12.749991,14.099988,12.149993,1536.0,0.1402946620608267,6144.0,6144,,,,,
7.6874995,11.549994,4.9500012,1536.0,0.280435288814586,12288.0,12288,,,,,
10.087498,11.699994,8.100003,1536.0,0.4203836264235557,18432.0,18432,,,,,
9.787498,10.649997,8.850001,1536.0,0.5602194242154224,24576.0,24576,,,,,
12.337492,13.19999,11.249995,1536.0,0.6998720139895671,30720.0,30720,,,,,
,,,,,,30720,56.0,,,,
,,,,,30720.0,30720,,6.112502,7.200003,5.250002,1536.0
12.749991,13.799989,11.849994,1536.0,0.139865729489607,6144.0,6144,,,,,
9.0375,10.199998,7.650003,1536.0,0.2795804751972677,12288.0,12288,,,,,
9.899998,11.399995,7.0500026,1536.0,0.4190662156281985,18432.0,18432,,,,,
10.012498,12.749991,7.2000027,1536.0,0.5584570869433546,24576.0,24576,,,,,
11.699994,13.34999,10.199998,1536.0,0.6977238491054149,30720.0,30720,,,,,
,,,,,,30720,36.75,,,,
,,,,,30720.0,30720,,9.0,11.699994,7.200003,1536.0
12.674992,13.649989,10.799996,1536.0,0.1394438722301474,6144.0,6144,,,,,
9.862499,11.099996,8.250003,1536.0,0.2787482203502688,12288.0,12288,,,,,
10.612497,12.449992,8.550002,1536.0,0.4178467730792354,18432.0,18432,,,,,
7.6500006,10.949996,4.800001,1536.0,0.5568254508733875,24576.0,24576,,,,,
9.787498,11.549994,7.2000027,1536.0,0.6956523541695805,30720.0,30720,,,,,
,,,,,,30720,32.5,,,,
,,,,,30720.0,30720,,9.637499,10.799996,7.2000027,1536.0
13.162491,14.399987,11.999993,1536.0,0.1390221483622306,6144.0,6144,,,,,
12.337492,13.799989,11.399995,1536.0,0.2778891974115582,12288.0,12288,,,,,
12.412493,13.34999,11.699994,1536.0,0.4165277248247725,18432.0,18432,,,,,
8.512501,9.45,6.450002,1536.0,0.5550836828469163,24576.0,24576,,,,,
9.0375,10.199998,8.100003,1536.0,0.6935043251868688,30720.0,30720,,,,,
,,,,,,30720,20.75,,,,
,,,,,30720.0,30720,,11.399995,13.19999,9.150001,1536.0
12.262493,13.34999,11.399995,1536.0,0.1385962762626308,6144.0,6144,,,,,
11.399995,13.949988,9.599999,1536.0,0.2770421666348512,12288.0,12288,,,,,
9.787498,11.099996,7.950003,1536.0,0.4152884012469511,18432.0,18432,,,,,
10.274998,11.399995,8.4000025,1536.0,0.5534459580790085,24576.0,24576,,,,,
12.1124935,14.249988,11.249995,1536.0,0.6914282512330926,30720.0,30720,,,,,
,,,,,,30720,60.5,,,,
,,,,,30720.0,30720,,5.437502,6.3000026,4.6500015,1536.0
13.08749,14.549987,11.249995,1536.0,0.1381862191428721,6144.0,6144,,,,,
10.762497,14.099988,9.150001,1536.0,0.2762177922099827,12288.0,12288,,,,,
10.612497,11.399995,10.049998,1536.0,0.4140568530477473,18432.0,18432,,,,,
11.549994,13.049991,8.250003,1536.0,0.5517829553652905,24576.0,24576,,,,,
10.762497,13.34999,8.550002,1536.0,0.689391982525888,30720.0,30720,,,,,
,,,,,,30720,75.5,,,,
,,,,,30720.0,30720,,3.1875005,4.2000012,2.4,1536.0
13.387489,14.099988,11.999993,1536.0,0.1377720487955308,6144.0,6144,,,,,
12.299993,13.19999,11.099996,1536.0,0.2753937097761895,12288.0,12288,,,,,
12.487492,13.949988,10.049998,1536.0,0.4128163423762889,18432.0,18432,,,,,
9.2625,10.499997,7.650003,1536.0,0.5501483023164552,24576.0,24576,,,,,
10.537497,12.299993,8.4000025,1536.0,0.6873477822761532,30720.0,30720,,,,,
,,,,,,30720,68.75,,,,
,,,,,30720.0,30720,,4.2000012,5.400002,3.6000009,1536.0
12.974991,13.649989,12.299993,1536.0,0.1373646311985985,6144.0,6144,,,,,
11.774994,13.19999,10.3499975,1536.0,0.2745679150075994,12288.0,12288,,,,,
12.599992,13.649989,11.699994,1536.0,0.411564117344999,18432.0,18432,,,,,
10.574997,12.599992,9.45,1536.0,0.5484832340332049,24576.0,24576,,,,,
13.27499,14.399987,11.699994,1536.0,0.6852466624894511,30720.0,30720,,,,,
,,,,,,30720,31.0,,,,
,,,,,30720.0,30720,,9.862499,11.699994,8.850001,1536.0
13.162491,14.249988,10.949996,1536.0,0.1369501223905563,6144.0,6144,,,,,
11.999993,13.049991,10.499997,1536.0,0.2737381593356638,12288.0,12288,,,,,
10.574997,11.999993,9.150001,1536.0,0.4103378214998121,18432.0,18432,,,,,
13.42499,13.649989,13.049991,1536.0,0.546835065355421,24576.0,24576,,,,,
12.93749,14.099988,10.949996,1536.0,0.6832191271971085,30720.0,30720,,,,,
,,,,,,30720,59.0,,,,
,,,,,30720.0,30720,,5.6625023,7.050003,4.6500015,1536.0
12.862492,14.399987,11.399995,1536.0,0.13654668221913,6144.0,6144,,,,,
10.124998,12.299993,8.850001,1536.0,0.2729470757474817,12288.0,12288,,,,,
12.824991,14.099988,11.549994,1536.0,0.4091117537509385,18432.0,18432,,,,,
10.1624975,11.699994,7.350003,1536.0,0.5452072771902315,24576.0,24576,,,,,
10.387497,13.049991,8.100003,1536.0,0.6811308902696533,30720.0,30720,,,,,
,,,,,,30720,8.5,,,,
,,,,,30720.0,30720,,13.23749,13.649989,12.749991,1536.0
13.049991,14.399987,11.399995,1536.0,0.1361217725337057,6144.0,6144,,,,,
10.387497,12.149993,7.800003,1536.0,0.2721075819744077,12288.0,12288,,,,,
10.687496,11.999993,8.850001,1536.0,0.4078866372007323,18432.0,18432,,,,,
11.587494,13.4999895,9.3,1536.0,0.5435928972182771,24576.0,24576,,,,,
10.462498,13.049991,8.250003,1536.0,0.6791509784687818,30720.0,30720,,,,,
,,,,,,30720,43.5,,,,
,,,,,30720.0,30720,,7.9875026,8.700002,6.750003,1536.0
13.049991,14.399987,11.099996,1536.0,0.1357315902033106,6144.0,6144,,,,,
9.974998,12.149993,8.700002,1536.0,0.2713310140185011,12288.0,12288,,,,,
13.162491,14.699986,11.999993,1536.0,0.4067432714021612,18432.0,18432,,,,,
10.162498,11.249995,8.850001,1536.0,0.5420520135906776,24576.0,24576,,,,,
12.524992,13.34999,11.249995,1536.0,0.6772218727288557,30720.0,30720,,,,,
,,,,,,30720,68.5,,,,
,,,,,30720.0,30720,,4.237501,5.100002,3.6000009,1536.0
11.174995,12.149993,9.45,1536.0,0.1353439824999722,6144.0,6144,,,,,
8.962501,11.399995,7.500003,1536.0,0.2705537112100304,12288.0,12288,,,,,
9.974998,11.699994,8.550002,1536.0,0.4055387672198294,18432.0,18432,,,,,
13.08749,13.949988,11.699994,1536.0,0.5404286775259489,24576.0,24576,,,,,
9.15,10.949996,6.9000025,1536.0,0.6751921099182198,30720.0,30720,,,,,
,,,,,,30720,20.0,,,,
,,,,,30720.0,30720,,11.512495,12.749991,10.3499975,1536.0
12.93749,13.949988,11.249995,1536.0,0.1349332077126188,6144.0,6144,,,,,
11.512495,14.249988,8.100003,1536.0,0.2697273010784815,12288.0,12288,,,,,
10.724997,12.899991,9.000001,1536.0,0.404315100519928,18432.0,18432,,,,,
12.224993,13.649989,11.399995,1536.0,0.5388168721160718,24576.0,24576,,,,,
12.712492,13.049991,12.299993,1536.0,0.6731494300310394,30720.0,30720,,,,,
,,,,,,30720,47.25,,,,
,,,,,30720.0,30720,,7.4250026,8.4000025,6.3000026,1536.0
13.12499,14.099988,12.299993,1536.0,0.1345308610817293,6144.0,6144,,,,,
8.175,10.049998,5.2500014,1536.0,0.2689109555970511,12288.0,12288,,,,,
10.537497,13.049991,9.150001,1536.0,0.4030809347300447,18432.0,18432,,,,,
9.824999,11.699994,8.100003,1536.0,0.5371669255919107,24576.0,24576,,,,,
10.987495,11.549994,9.899999,1536.0,0.671145341581117,30720.0,30720,,,,,
,,,,,,30720,21.5,,,,
,,,,,30720.0,30720,,11.287495,12.449992,10.199998,1536.0
12.824991,13.19999,11.999993,1536.0,0.1341310451640887,6144.0,6144,,,,,
9.299999,10.499997,7.650003,1536.0,0.2681278898234274,12288.0,12288,,,,,
12.374992,13.34999,11.249995,1536.0,0.4019078806216337,18432.0,18432,,,,,
9.0,10.049998,7.350003,1536.0,0.5356235661606479,24576.0,24576,,,,,
11.437494,12.749991,10.049998,1536.0,0.6691935225405876,30720.0,30720,,,,,
,,,,,,30720,76.0,,,,
,,,,,30720.0,30720,,3.1125007,3.6000009,2.8500004,1536.0
12.862492,14.249988,10.499997,1536.0,0.1337384618967187,6144.0,6144,,,,,
11.512495,13.34999,10.3499975,1536.0,0.2673373782272087,12288.0,12288,,,,,
11.699994,13.049991,9.899999,1536.0,0.4007510798368837,18432.0,18432,,,,,
10.499997,12.149993,9.000001,1536.0,0.5340772737428428,24576.0,24576,,,,,
11.287495,11.549994,10.949996,1536.0,0.6672497293712543,30720.0,30720,,,,,
,,,,,,30720,45.5,,,,
,,,,,30720.0,30720,,7.687501,9.749999,5.550002,1536.0
12.262493,13.34999,10.3499975,1536.0,0.1333528560112182,6144.0,6144,,,,,
12.674992,13.799989,10.949996,1536.0,0.2665604617817968,12288.0,12288,,,,,
9.299999,12.149993,7.500003,1536.0,0.3995754469813448,18432.0,18432,,,,,
11.887493,13.4999895,8.850001,1536.0,0.5324917594504618,24576.0,24576,,,,,
10.912497,12.299993,9.899999,1536.0,0.6652679929918496,30720.0,30720,,,,,
,,,,,,30720,23.5,,,,
,,,,,30720.0,30720,,10.987495,11.399995,10.049998,1536.0
13.42499,14.249988,12.149993,1536.0,0.1329551788522013,6144.0,6144,,,,,
10.874996,11.849994,10.3499975,1536.0,0.2657703198639727,12288.0,12288,,,,,
10.237497,12.899991,8.100003,1536.0,0.3983798673048677,18432.0,18432,,,,,
9.824997,13.4999895,6.7500024,1536.0,0.5309002877976928,24576.0,24576,,,,,
9.375,11.399995,7.350003,1536.0,0.663278140037909,30720.0,30720,,,,,
,,,,,,30720,38.5,,,,
,,,,,30720.0,30720,,8.737501,10.049998,7.200003,1536.0
13.42499,14.099988,12.899991,1536.0,0.1325590564285282,6144.0,6144,,,,,
9.862498,11.549994,7.800003,1536.0,0.2649828070577305,12288.0,12288,,,,,
11.212496,11.399995,11.099996,1536.0,0.3972157602767327,18432.0,18432,,,,,
9.0375,10.499997,8.250003,1536.0,0.5293456981417506,24576.0,24576,,,,,
11.774994,13.4999895,10.049998,1536.0,0.661345236561865,30720.0,30720,,,,,
,,,,,,30720,6.25,,,,
,,,,,30720.0,30720,,13.574989,14.549987,12.449992,1536.0
12.749991,13.649989,11.249995,1536.0,0.1321670621446806,6144.0,6144,,,,,
9.749998,13.949988,7.650003,1536.0,0.2642018316334438,12288.0,12288,,,,,
11.062496,11.549994,10.649997,1536.0,0.3960530933240509,18432.0,18432,,,,,
11.249994,13.19999,7.500003,1536.0,0.5278084543932298,24576.0,24576,,,,,
13.23749,14.249988,11.099996,1536.0,0.659442927537641,30720.0,30720,,,,,
,,,,,,30720,15.25,,,,
,,,,,30720.0,30720,,12.224993,13.949988,10.649997,1536.0
13.42499,13.649989,13.19999,1536.0,0.1317915636972634,6144.0,6144,,,,,
8.887498,13.4999895,5.4000015,1536.0,0.2634440889473599,12288.0,12288,,,,,
10.724997,13.34999,8.100003,1536.0,0.3949093876320887,18432.0,18432,,,,,
11.137495,13.649989,7.2000027,1536.0,0.5262704424569727,24576.0,24576,,,,,
12.674992,13.949988,11.849994,1536.0,0.6575231902383996,30720.0,30720,,,,,
,,,,,,30720,30.0,,,,
,,,,,30720.0,30720,,10.012499,11.999993,8.700002,1536.0
12.899991,13.799989,11.699994,1536.0,0.1314059390107,6144.0,6144,,,,,
11.587494,12.149993,10.649997,1536.0,0.2626772670034445,12288.0,12288,,,,,
12.262493,13.049991,11.249995,1536.0,0.3937623400849048,18432.0,18432,,,,,
10.424997,11.699994,9.000001,1536.0,0.5247666898632694,24576.0,24576,,,,,
11.512495,12.149993,10.049998,1536.0,0.6556257495670612,30720.0,30720,,,,,
,,,,,,30720,4.5,,,,
,,,,,30720.0,30720,,13.837488,14.399987,13.19999,1536.0
13.537489,14.549987,12.149993,1536.0,0.1310277432623911,6144.0,6144,,,,,
7.987501,9.3,5.1000013,1536.0,0.2619195651609567,12288.0,12288,,,,,
9.225,10.3499975,7.800003,1536.0,0.3926153417740398,18432.0,18432,,,,,
11.812494,13.049991,10.799996,1536.0,0.5232435352774172,24576.0,24576,,,,,
8.775002,9.150001,8.550002,1536.0,0.6537178763704112,30720.0,30720,,,,,
,,,,,,30720,75.5,,,,
,,,,,30720.0,30720,,3.1875007,6.750003,1.3499999,1536.0
11.999993,13.049991,9.45,1536.0,0.1306495399444787,6144.0,6144,,,,,
12.862492,14.099988,11.399995,1536.0,0.2611656009980892,12288.0,12288,,,,,
12.562492,13.799989,10.049998,1536.0,0.3915157879662027,18432.0,18432,,,,,
8.362502,9.000001,7.800003,1536.0,0.5217728308841113,24576.0,24576,,,,,
9.375,10.499997,8.550002,1536.0,0.6518873552605834,30720.0,30720,,,,,
,,,,,,30720,15.25,,,,
,,,,,30720.0,30720,,12.224993,14.099988,10.499997,1536.0
12.787491,14.249988,10.949996,1536.0,0.1302807676514469,6144.0,6144,,,,,
10.949995,14.099988,7.350003,1536.0,0.2604400230690468,12288.0,12288,,,,,
10.762497,11.099996,10.199998,1536.0,0.390423262967072,18432.0,18432,,,,,
11.212496,12.899991,9.749999,1536.0,0.520320546334879,24576.0,24576,,,,,
13.649989,14.549987,12.749991,1536.0,0.6501048581102582,30720.0,30720,,,,,
,,,,,,30720,67.5,,,,
,,,,,30720.0,30720,,4.3875017,5.8500023,3.3000007,1536.0
12.712492,14.549987,10.949996,1536.0,0.1299338280511404,6144.0,6144,,,,,
9.899999,11.099996,8.850001,1536.0,0.2597425560383895,12288.0,12288,,,,,
13.34999,14.699986,12.449992,1536.0,0.3893415482334342,18432.0,18432,,,,,
8.887501,9.599999,7.500003,1536.0,0.5188605906881907,24576.0,24576,,,,,
13.27499,14.399987,12.299993,1536.0,0.648233531368713,30720.0,30720,,,,,
,,,,,,30720,11.25,,,,
,,,,,30720.0,30720,,12.824991,13.4999895,11.249995,1536.0
13.19999,14.399987,12.299993,1536.0,0.1295533419346625,6144.0,6144,,,,,
10.499997,12.449992,8.700002,1536.0,0.2589777861401589,12288.0,12288,,,,,
10.462498,13.649989,9.150001,1536.0,0.3882101522090177,18432.0,18432,,,,,
7.4625025,8.550002,6.000002,1536.0,0.5173679656699265,24576.0,24576,,,,,
12.862492,13.649989,11.399995,1536.0,0.6464068884749511,30720.0,30720,,,,,
,,,,,,30720,44.25,,,,
,,,,,30720.0,30720,,7.8750024,8.850001,6.1500025,1536.0
13.049991,13.799989,12.149993,1536.0,0.1291926523167968,6144.0,6144,,,,,
11.512495,13.4999895,9.749999,1536.0,0.2582466056423348,12288.0,12288,,,,,
9.15,11.999993,7.350003,1536.0,0.3871004020076178,18432.0,18432,,,,,
13.08749,14.099988,12.149993,1536.0,0.5158852282282534,24576.0,24576,,,,,
12.449992,13.799989,10.499997,1536.0,0.6445234965478148,30720.0,30720,,,,,
,,,,,,30720,24.75,,,,
,,,,,30720.0,30720,,10.799995,12.749991,6.9000025,1536.0
13.34999,14.099988,12.599992,1536.0,0.1288140271812691,6144.0,6144,,,,,
8.137503,8.550002,7.350003,1536.0,0.2574950790849772,12288.0,12288,,,,,
13.31249,13.4999895,13.19999,1536.0,0.3860148366663967,18432.0,18432,,,,,
8.587502,10.799996,7.350003,1536.0,0.5144500464183416,24576.0,24576,,,,,
8.062503,8.4000025,7.800003,1536.0,0.6427590245203463,30720.0,30720,,,,,
,,,,,,30720,35.5,,,,
,,,,,30720.0,30720,,9.187499,10.799996,6.3000026,1536.0
13.46249,14.549987,12.599992,1536.0,0.1284598925562423,6144.0,6144,,,,,
10.837496,12.449992,9.150001,1536.0,0.256785496878011,12288.0,12288,,,,,
11.062496,12.299993,10.3499975,1536.0,0.3849056786078597,18432.0,18432,,,,,
9.487499,10.649997,8.100003,1536.0,0.5129777675677243,24576.0,24576,,,,,
12.93749,13.949988,12.449992,1536.0,0.6409402384803433,30720.0,30720,,,,,
,,,,,,30720,6.5,,,,
,,,,,30720.0,30720,,13.537489,14.099988,12.749991,1536.0
12.449992,13.19999,11.999993,1536.0,0.1280970856520329,6144.0,6144,,,,,
11.437494,12.449992,9.000001,1536.0,0.2560626183160748,12288.0,12288,,,,,
9.5625,10.949996,8.4000025,1536.0,0.3838571616528449,18432.0,18432,,,,,
11.999993,12.599992,11.399995,1536.0,0.5115751485544934,24576.0,24576,,,,,
13.31249,13.799989,13.049991,1536.0,0.6391870293936172,30720.0,30720,,,,,
,,,,,,30720,27.75,,,,
,,,,,30720.0,30720,,10.3499975,11.999993,9.599999,1536.0
13.4999895,14.399987,12.749991,1536.0,0.1277436488022004,6144.0,6144,,,,,
9.3375,10.799996,8.100003,1536.0,0.2553694574966219,12288.0,12288,,,,,
9.1875,11.999993,7.500003,1536.0,0.382820905885623,18432.0,18432,,,,,
12.337492,13.4999895,11.849994,1536.0,0.5101882404802889,24576.0,24576,,,,,
12.599992,14.699986,11.249995,1536.0,0.6374316569131502,30720.0,30720,,,,,
,,,,,,30720,44.25,,,,
,,,,,30720.0,30720,,7.8750014,9.45,5.550002,1536.0
12.899991,13.19999,12.149993,1536.0,0.1274008947928274,6144.0,6144,,,,,
9.262499,11.549994,6.300002,1536.0,0.2546830296406336,12288.0,12288,,,,,
10.649997,11.849994,9.899999,1536.0,0.3817722471409171,18432.0,18432,,,,,
11.362495,13.049991,8.4000025,1536.0,0.508793909918779,24576.0,24576,,,,,
13.08749,14.699986,11.849994,1536.0,0.6356865766610743,30720.0,30720,,,,,
,,,,,,30720,50.25,,,,
,,,,,30720.0,30720,,6.975002,9.45,5.400002,1536.0
13.724989,14.399987,12.899991,1536.0,0.1270462684258125,6144.0,6144,,,,,
9.562499,13.4999895,7.650003,1536.0,0.2539649717299082,12288.0,12288,,,,,
12.187492,13.649989,8.700002,1536.0,0.3806902986287343,18432.0,18432,,,,,
10.274998,11.549994,9.000001,1536.0,0.5073320879468413,24576.0,24576,,,,,
12.712492,13.049991,12.449992,1536.0,0.6338287453557248,30720.0,30720,,,,,
,,,,,,30720,27.5,,,,
,,,,,30720.0,30720,,10.387497,11.849994,9.749999,1536.0
12.637491,13.4999895,11.549994,1536.0,0.1266771143795506,6144.0,6144,,,,,
11.849994,14.399987,9.150001,1536.0,0.2532214357302157,12288.0,12288,,,,,
13.31249,14.249988,12.449992,1536.0,0.3795702026863551,18432.0,18432,,,,,
10.087498,11.699994,9.000001,1536.0,0.5058446529853609,24576.0,24576,,,,,
9.974998,13.4999895,8.550002,1536.0,0.6320160057286046,30720.0,30720,,,,,
,,,,,,30720,65.5,,,,
,,,,,30720.0,30720,,4.6875014,5.400002,4.050001,1536.0
12.749991,14.549987,11.699994,1536.0,0.1263147119354072,6144.0,6144,,,,,
11.324995,13.4999895,10.049998,1536.0,0.2525016982946299,12288.0,12288,,,,,
11.774994,12.599992,11.099996,1536.0,0.3785271722757975,18432.0,18432,,,,,
11.587494,12.299993,10.949996,1536.0,0.5044478735850711,24576.0,24576,,,,,
12.412493,14.549987,11.099996,1536.0,0.6302387417843983,30720.0,30720,,,,,
,,,,,,30720,23.5,,,,
,,,,,30720.0,30720,,10.987495,12.149993,10.049998,1536.0
11.662495,13.4999895,10.199998,1536.0,0.1259630445237399,6144.0,6144,,,,,
11.512495,12.599992,9.150001,1536.0,0.2517994169931678,12288.0,12288,,,,,
12.712492,13.4999895,11.999993,1536.0,0.3774779824513876,18432.0,18432,,,,,
11.212496,11.999993,10.649997,1536.0,0.5030718101749125,24576.0,24576,,,,,
10.687496,11.549994,9.3,1536.0,0.6285686512606589,30720.0,30720,,,,,
,,,,,,30720,33.25,,,,
,,,,,30720.0,30720,,9.524998,13.4999895,6.600003,1536.0
12.93749,13.799989,12.149993,1536.0,0.1256235689799279,6144.0,6144,,,,,
9.5625,10.799996,8.250003,1536.0,0.2511254822820232,12288.0,12288,,,,,
9.1875,10.3499975,6.9000025,1536.0,0.3764596495893039,18432.0,18432,,,,,
11.887493,13.649989,10.799996,1536.0,0.5017123784926732,24576.0,24576,,,,,
8.962501,10.649997,7.2000027,1536.0,0.6268344116218447,30720.0,30720,,,,,
,,,,,,30720,41.0,,,,
,,,,,30720.0,30720,,8.362501,11.099996,6.0000024,1536.0
12.449992,14.549987,9.899999,1536.0,0.1252787340181154,6144.0,6144,,,,,
8.325002,9.3,6.7500024,1536.0,0.2504401721207052,12288.0,12288,,,,,
11.437494,13.34999,7.650003,1536.0,0.3754369343145079,18432.0,18432,,,,,
10.912497,12.299993,8.550002,1536.0,0.5003387416892735,24576.0,24576,,,,,
10.424997,11.849994,9.45,1536.0,0.6251217165071068,30720.0,30720,,,,,
,,,,,,30720,15.5,,,,
,,,,,30720.0,30720,,12.187492,14.099988,10.3499975,1536.0
13.19999,13.799989,12.299993,1536.0,0.1249337473371964,6144.0,6144,,,,,
9.937498,11.699994,8.250003,1536.0,0.249752306856787,12288.0,12288,,,,,
12.299993,13.649989,10.799996,1536.0,0.3744081618614832,18432.0,18432,,,,,
12.562492,13.34999,10.949996,1536.0,0.4989775920795571,24576.0,24576,,,,,
12.187492,14.549987,10.799996,1536.0,0.6234332437849468,30720.0,30720,,,,,
,,,,,,30720,14.5,,,,
,,,,,30720.0,30720,,12.337492,14.249988,10.499997,1536.0
12.412493,13.799989,10.649997,1536.0,0.1246019615250344,6144.0,6144,,,,,
9.224999,13.34999,7.350003,1536.0,0.2490804827462091,12288.0,12288,,,,,
10.687496,12.599992,8.250003,1536.0,0.3733954645916459,18432.0,18432,,,,,
10.612495,12.749991,6.9000025,1536.0,0.4976183416183923,24576.0,24576,,,,,
9.749998,11.399995,7.500003,1536.0,0.6217062494848863,30720.0,30720,,,,,
,,,,,,30720,66.25,,,,
,,,,,30720.0,30720,,4.5750012,5.400002,3.4500008,1536.0
13.23749,14.399987,12.599992,1536.0,0.1242568233798899,6144.0,6144,,,,,
10.1624975,12.149993,7.350003,1536.0,0.2483833140600233,12288.0,12288,,,,,
9.599998,10.949996,6.000002,1536.0,0.3723487058570775,18432.0,18432,,,,,
10.799996,12.149993,9.899999,1536.0,0.4962363235990546,24576.0,24576,,,,,
10.162498,11.849994,8.250003,1536.0,0.619985332789231,30720.0,30720,,,,,
,,,,,,30720,41.5,,,,
,,,,,30720.0,30720,,8.287502,9.899999,7.3500032,1536.0
12.599992,14.549987,9.000001,1536.0,0.1239094392344728,6144.0,6144,,,,,
10.199998,11.549994,9.000001,1536.0,0.2477018904499218,12288.0,12288,,,,,
10.987495,12.299993,9.150001,1536.0,0.3713315052102821,18432.0,18432,,,,,
13.19999,13.799989,12.299993,1536.0,0.4948825503785902,24576.0,24576,,,,,
10.649997,11.999993,7.950003,1536.0,0.6182988026316307,30720.0,30720,,,,,
,,,,,,30720,44.0,,,,
,,,,,30720.0,30720,,7.9125023,9.150001,6.750003,1536.0
12.599992,13.949988,11.249995,1536.0,0.1235722434577393,6144.0,6144,,,,,
10.312498,11.699994,8.700002,1536.0,0.2470272203590305,12288.0,12288,,,,,
11.174995,13.799989,7.800003,1536.0,0.3703077622389676,18432.0,18432,,,,,
12.412493,13.19999,11.249995,1536.0,0.4935275179282036,24576.0,24576,,,,,
8.362501,9.899999,6.6000023,1536.0,0.6166369299910592,30720.0,30720,,,,,
,,,,,,30720,74.5,,,,
,,,,,30720.0,30720,,3.3375006,5.250002,1.7999998,1536.0
11.549994,13.34999,10.049998,1536.0,0.1232522956764945,6144.0,6144,,,,,
11.099996,13.649989,8.850001,1536.0,0.2463887275128909,12288.0,12288,,,,,
9.974998,11.849994,8.250003,1536.0,0.3693655353131795,18432.0,18432,,,,,
12.037493,13.34999,10.949996,1536.0,0.4922771263921836,24576.0,24576,,,,,
11.699994,12.449992,10.199998,1536.0,0.6150622367133798,30720.0,30720,,,,,
,,,,,,30720,59.0,,,,
,,,,,30720.0,30720,,5.6625023,5.8500023,5.250002,1536.0
13.049991,14.099988,10.649997,1536.0,0.122929674085037,6144.0,6144,,,,,
9.487499,11.099996,7.500003,1536.0,0.2457367680671682,12288.0,12288,,,,,
9.899999,10.499997,9.45,1536.0,0.3683951681722797,18432.0,18432,,,,,
11.9249935,13.049991,10.799996,1536.0,0.4909590874722248,24576.0,24576,,,,,
9.824999,10.199998,9.150001,1536.0,0.6134301054361342,30720.0,30720,,,,,
,,,,,,30720,19.0,,,,
,,,,,30720.0,30720,,11.662495,13.34999,10.049998,1536.0
12.974991,13.4999895,11.699994,1536.0,0.1226009512078469,6144.0,6144,,,,,
9.45,10.3499975,8.700002,1536.0,0.2450841610712751,12288.0,12288,,,,,
12.449992,14.099988,11.399995,1536.0,0.3674135607277091,18432.0,18432,,,,,
11.699994,12.749991,10.049998,1536.0,0.489672440869667,24576.0,24576,,,,,
10.237497,11.399995,9.3,1536.0,0.6118163480974966,30720.0,30720,,,,,
,,,,,,30720,79.0,,,,
,,,,,30720.0,30720,,2.6625004,3.4500008,2.1,1536.0
10.387497,11.849994,9.3,1536.0,0.1222831541452565,6144.0,6144,,,,,
9.262499,11.249995,6.6000023,1536.0,0.244453719189879,12288.0,12288,,,,,
10.124998,14.099988,7.800003,1536.0,0.3664488999771742,18432.0,18432,,,,,
12.712492,13.799989,11.849994,1536.0,0.4883795392251888,24576.0,24576,,,,,
9.375,10.799996,7.350003,1536.0,0.6101669221627596,30720.0,30720,,,,,
,,,,,,30720,29.75,,,,
,,,,,30720.0,30720,,10.049996,11.849994,5.700002,1536.0
11.962494,13.19999,10.049998,1536.0,0.1219501209241768,6144.0,6144,,,,,
10.424997,11.399995,9.749999,1536.0,0.2437899598557446,12288.0,12288,,,,,
12.899991,13.4999895,12.149993,1536.0,0.3654651828859002,18432.0,18432,,,,,
11.474995,12.749991,9.749999,1536.0,0.4870545552105693,24576.0,24576,,,,,
10.012499,11.249995,9.150001,1536.0,0.6085210257813929,30720.0,30720,,,,,
,,,,,,30720,6.75,,,,
,,,,,30720.0,30720,,13.4999895,13.949988,12.749991,1536.0
13.762489,14.549987,13.19999,1536.0,0.1216227937553958,6144.0,6144,,,,,
9.637499,11.099996,7.950003,1536.0,0.2431302650763652,12288.0,12288,,,,,
10.087498,11.549994,9.3,1536.0,0.3644738883646747,18432.0,18432,,,,,
9.1875,10.799996,7.950003,1536.0,0.4857407694925958,24576.0,24576,,,,,
12.599992,13.34999,11.399995,1536.0,0.606893637624425,30720.0,30720,,,,,
,,,,,,30720,46.0,,,,
,,,,,30720.0,30720,,7.612503,8.550002,6.750003,1536.0
12.787491,13.649989,11.849994,1536.0,0.1212953542556871,6144.0,6144,,,,,
7.800001,9.599999,4.500001,1536.0,0.2424810193015485,12288.0,12288,,,,,
11.774994,13.4999895,10.3499975,1536.0,0.3635036834029501,18432.0,18432,,,,,
11.399995,12.599992,10.799996,1536.0,0.4844357302890743,24576.0,24576,,,,,
10.274998,11.249995,9.899999,1536.0,0.6052769456374704,30720.0,30720,,,,,
,,,,,,30720,22.5,,,,
,,,,,30720.0,30720,,11.137495,12.599992,8.250003,1536.0
13.19999,13.949988,12.749991,1536.0,0.1209744098359188,6144.0,6144,,,,,
10.499997,13.049991,8.700002,1536.0,0.2418305807283942,12288.0,12288,,,,,
11.437494,13.34999,9.899999,1536.0,0.3625304054071568,18432.0,18432,,,,,
7.9500017,9.899999,6.6000023,1536.0,0.4831542430680339,24576.0,24576,,,,,
11.137495,12.149993,10.049998,1536.0,0.603670308584447,30720.0,30720,,,,,
,,,,,,30720,27.0,,,,
,,,,,30720.0,30720,,10.462498,11.549994,9.150001,1536.0
11.849994,12.749991,10.649997,1536.0,0.1206494709104075,6144.0,6144,,,,,
10.874996,13.649989,8.250003,1536.0,0.2411741108429221,12288.0,12288,,,,,
11.249995,12.449992,9.749999,1536.0,0.3615354498711067,18432.0,18432,,,,,
11.512495,12.599992,10.499997,1536.0,0.481816945157288,24576.0,24576,,,,,
12.187492,13.4999895,10.499997,1536.0,0.6019994841655448,30720.0,30720,,,,,
,,,,,,30720,54.5,,,,
,,,,,30720.0,30720,,6.3375025,7.650003,4.6500015,1536.0
12.899991,13.949988,10.649997,1536.0,0.1203206203247714,6144.0,6144,,,,,
8.25,10.799996,5.7000017,1536.0,0.2405318066248381,12288.0,12288,,,,,
11.024996,13.049991,8.700002,1536.0,0.3605609310895721,18432.0,18432,,,,,
10.049998,10.799996,9.000001,1536.0,0.4805236581141464,24576.0,24576,,,,,
11.287495,11.849994,10.199998,1536.0,0.6003834303688426,30720.0,30720,,,,,
,,,,,,30720,26.75,,,,
,,,,,30720.0,30720,,10.499997,11.249995,8.550002,1536.0
13.42499,14.249988,12.449992,1536.0,0.1199972811995831,6144.0,6144,,,,,
8.812502,9.150001,8.550002,1536.0,0.2398854345552091,12288.0,12288,,,,,
11.887493,13.19999,10.3499975,1536.0,0.3596059594193359,18432.0,18432,,,,,
11.662495,14.249988,9.749999,1536.0,0.4792649645448688,24576.0,24576,,,,,
13.12499,13.799989,11.999993,1536.0,0.5988062075796645,30720.0,30720,,,,,
,,,,,,30720,40.0,,,,
,,,,,30720.0,30720,,8.512501,9.899999,7.050003,1536.0
13.162491,14.249988,11.699994,1536.0,0.1196801513884869,6144.0,6144,,,,,
10.912497,12.449992,8.100003,1536.0,0.23924988452978,12288.0,12288,,,,,
11.9249935,13.049991,10.949996,1536.0,0.3586672445180152,18432.0,18432,,,,,
13.08749,13.649989,11.999993,1536.0,0.4779913368999635,24576.0,24576,,,,,
9.374998,11.999993,6.7500024,1536.0,0.5972352816819589,30720.0,30720,,,,,
,,,,,,30720,35.75,,,,
,,,,,30720.0,30720,,9.15,10.649997,7.5000033,1536.0
12.824991,14.699986,10.199998,1536.0,0.119368529389331,6144.0,6144,,,,,
9.749999,10.3499975,8.850001,1536.0,0.2386232457770136,12288.0,12288,,,,,
10.799995,13.049991,7.650003,1536.0,0.3577208186037336,18432.0,18432,,,,,
10.237497,11.849994,9.150001,1536.0,0.4767506767877554,24576.0,24576,,,,,
12.037493,12.749991,11.549994,1536.0,0.5956675990127149,30720.0,30720,,,,,
,,,,,,30720,43.5,,,,
,,,,,30720.0,30720,,7.9875026,9.3,6.600003,1536.0
12.974991,13.649989,12.599992,1536.0,0.119055435490088,6144.0,6144,,,,,
10.312498,12.299993,8.100003,1536.0,0.2380027506542119,12288.0,12288,,,,,
10.049997,11.849994,6.150002,1536.0,0.3567954289997192,18432.0,18432,,,,,
11.324995,13.049991,10.199998,1536.0,0.4755307286792695,24576.0,24576,,,,,
10.987495,13.4999895,7.350003,1536.0,0.5941454276186751,30720.0,30720,,,,,
,,,,,,30720,52.25,,,,
,,,,,30720.0,30720,,6.675003,7.6500034,5.8500023,1536.0
12.899991,13.049991,12.449992,1536.0,0.1187490153366501,6144.0,6144,,,,,
10.687496,11.999993,7.800003,1536.0,0.2373871233048099,12288.0,12288,,,,,
13.61249,14.249988,12.899991,1536.0,0.3558659324264067,18432.0,18432,,,,,
12.899991,13.649989,12.149993,1536.0,0.474272128336565,24576.0,24576,,,,,
12.037493,13.049991,11.099996,1536.0,0.5925629837313758,30720.0,30720,,,,,
,,,,,,30720,65.0,,,,
,,,,,30720.0,30720,,4.7625017,5.8500023,4.3500013,1536.0
13.012491,14.399987,10.3499975,1536.0,0.1184366898995706,6144.0,6144,,,,,
7.3125014,9.599999,5.850002,1536.0,0.2367762239281874,12288.0,12288,,,,,
12.599992,13.799989,10.3499975,1536.0,0.3549460967460224,18432.0,18432,,,,,
12.037493,12.299993,11.849994,1536.0,0.4730333399330688,24576.0,24576,,,,,
13.27499,14.399987,12.599992,1536.0,0.5909880877911746,30720.0,30720,,,,,
,,,,,,30720,32.75,,,,
,,,,,30720.0,30720,,9.599999,11.249995,8.100003,1536.0
13.42499,14.099988,12.599992,1536.0,0.1181204478371455,6144.0,6144,,,,,
9.4125,10.3499975,8.100003,1536.0,0.2361347033287611,12288.0,12288,,,,,
12.224993,13.19999,10.649997,1536.0,0.3539911045883342,18432.0,18432,,,,,
11.399995,13.649989,9.599999,1536.0,0.4717605577393006,24576.0,24576,,,,,
11.699994,13.649989,10.499997,1536.0,0.5894371842430811,30720.0,30720,,,,,
,,,,,,30720,45.25,,,,
,,,,,30720.0,30720,,7.7250023,8.700002,6.7500024,1536.0
12.93749,13.949988,11.849994,1536.0,0.1178113008081811,6144.0,6144,,,,,
9.712499,11.399995,7.500003,1536.0,0.2355164107294941,12288.0,12288,,,,,
12.412493,13.799989,10.3499975,1536.0,0.3530892556917218,18432.0,18432,,,,,
11.474995,11.999993,10.499997,1536.0,0.4705719754407968,24576.0,24576,,,,,
13.19999,14.099988,12.149993,1536.0,0.5879265199803918,30720.0,30720,,,,,
,,,,,,30720,9.5,,,,
,,,,,30720.0,30720,,13.08749,13.34999,12.449992,1536.0
13.34999,14.249988,12.449992,1536.0,0.117511902571732,6144.0,6144,,,,,
9.787498,11.099996,8.250003,1536.0,0.2349119465360862,12288.0,12288,,,,,
11.812494,12.899991,10.799996,1536.0,0.3521501885414198,18432.0,18432,,,,,
11.287495,13.649989,9.899999,1536.0,0.4693218477578053,24576.0,24576,,,,,
10.612497,13.049991,9.3,1536.0,0.5863850213763033,30720.0,30720,,,,,
,,,,,,30720,61.0,,,,
,,,,,30720.0,30720,,5.362502,5.8500023,4.6500015,1536.0
12.862492,14.099988,11.849994,1536.0,0.1171973392626963,6144.0,6144,,,,,
8.737501,9.45,7.2000027,1536.0,0.2342840725852856,12288.0,12288,,,,,
10.762495,12.749991,6.450002,1536.0,0.3512250238857108,18432.0,18432,,,,,
10.612497,11.399995,9.749999,1536.0,0.4680916433788428,24576.0,24576,,,,,
10.3499975,11.549994,9.000001,1536.0,0.5848511588979218,30720.0,30720,,,,,
,,,,,,30720,23.5,,,,
,,,,,30720.0,30720,,10.987495,13.34999,9.150001,1536.0
12.674992,13.799989,10.949996,1536.0,0.1168944940501152,6144.0,6144,,,,,
11.024996,13.19999,7.350003,1536.0,0.2336783070759262,12288.0,12288,,,,,
9.674999,10.049998,9.150001,1536.0,0.3503010740926912,18432.0,18432,,,,,
10.199998,11.549994,9.150001,1536.0,0.4668603765624685,24576.0,24576,,,,,
12.562492,14.549987,9.3,1536.0,0.5833291312401635,30720.0,30720,,,,,
,,,,,,30720,21.75,,,,
,,,,,30720.0,30720,,11.249995,12.899991,9.45,1536.0
12.299993,13.34999,11.249995,1536.0,0.1165906743762675,6144.0,6144,,,,,
9.824999,11.399995,8.850001,1536.0,0.2330791654901197,12288.0,12288,,,,,
13.19999,13.649989,12.749991,1536.0,0.3494307252403859,18432.0,18432,,,,,
9.3375,11.399995,7.800003,1536.0,0.4656788069943726,24576.0,24576,,,,,
12.787491,14.399987,11.699994,1536.0,0.5818357481014514,30720.0,30720,,,,,
,,,,,,30720,5.75,,,,
,,,,,30720.0,30720,,13.649989,14.699986,12.749991,1536.0
12.337492,13.34999,10.799996,1536.0,0.1162924751255251,6144.0,6144,,,,,
11.849994,14.249988,9.599999,1536.0,0.2324861092084433,12288.0,12288,,,,,
10.049998,12.149993,8.4000025,1536.0,0.3485249263709589,18432.0,18432,,,,,
12.262493,13.049991,11.249995,1536.0,0.4644949566897381,24576.0,24576,,,,,
11.887493,12.149993,11.549994,1536.0,0.5803529890515481,30720.0,30720,,,,,
,,,,,,30720,39.25,,,,
,,,,,30720.0,30720,,8.625002,9.899999,7.5000033,1536.0
13.08749,13.949988,11.549994,1536.0,0.1159927093941929,6144.0,6144,,,,,
8.0625,11.249995,4.0500007,1536.0,0.231884710558118,12288.0,12288,,,,,
12.262493,14.249988,10.3499975,1536.0,0.3476349878639883,18432.0,18432,,,,,
12.037493,13.34999,10.949996,1536.0,0.4633130767533995,24576.0,24576,,,,,
10.799996,12.299993,9.599999,1536.0,0.5788821111670551,30720.0,30720,,,,,
,,,,,,30720,47.25,,,,
,,,,,30720.0,30720,,7.425003,8.550002,6.4500027,1536.0
12.899991,14.249988,9.899999,1536.0,0.1157039142900192,6144.0,6144,,,,,
9.112499,11.399995,6.150002,1536.0,0.2313040324434149,12288.0,12288,,,,,
12.599992,14.099988,11.099996,1536.0,0.3467669396242204,18432.0,18432,,,,,
9.3375,12.749991,7.2000027,1536.0,0.4621420605885946,24576.0,24576,,,,,
8.775,12.299993,4.9500012,1536.0,0.5774380025157738,30720.0,30720,,,,,
,,,,,,30720,25.25,,,,
,,,,,30720.0,30720,,10.724997,11.849994,9.3,1536.0
12.712492,13.799989,10.499997,1536.0,0.1154106831687444,6144.0,6144,,,,,
8.625001,10.199998,6.6000023,1536.0,0.2307172671567293,12288.0,12288,,,,,
11.212496,12.149993,10.649997,1536.0,0.3458835282029135,18432.0,18432,,,,,
11.474995,14.099988,8.4000025,1536.0,0.4609755050268381,24576.0,24576,,,,,
10.949996,13.799989,9.150001,1536.0,0.57596412407631,30720.0,30720,,,,,
,,,,,,30720,54.75,,,,
,,,,,30720.0,30720,,6.3000026,7.200003,5.700002,1536.0
11.062496,11.999993,10.199998,1536.0,0.1151208228780622,6144.0,6144,,,,,
10.462498,10.949996,10.049998,1536.0,0.2301351792317255,12288.0,12288,,,,,
12.637491,13.949988,11.549994,1536.0,0.3450185732559258,18432.0,18432,,,,,
9.3375,11.249995,8.4000025,1536.0,0.4598283252234043,24576.0,24576,,,,,
11.9249935,14.099988,9.599999,1536.0,0.574539677972688,30720.0,30720,,,,,
,,,,,,30720,12.75,,,,
,,,,,30720.0,30720,,12.599992,13.949988,11.099996,1536.0
12.374992,13.34999,10.649997,1536.0,0.1148328883740905,6144.0,6144,,,,,
9.749999,10.499997,8.700002,1536.0,0.2295627937156791,12288.0,12288,,,,,
13.049991,13.34999,12.299993,1536.0,0.3441307717271694,18432.0,18432,,,,,
12.599992,13.649989,10.049998,1536.0,0.458655919603105,24576.0,24576,,,,,
12.524992,13.949988,11.249995,1536.0,0.5730740817182376,30720.0,30720,,,,,
,,,,,,30720,48.0,,,,
,,,,,30720.0,30720,,7.312502,9.150001,4.2000012,1536.0
12.974991,14.249988,11.099996,1536.0,0.1145392880565949,6144.0,6144,,,,,
9.787497,13.4999895,4.9500012,1536.0,0.2289836760067818,12288.0,12288,,,,,
9.375,11.699994,7.350003,1536.0,0.3432900915431301,18432.0,18432,,,,,
11.624994,13.19999,10.199998,1536.0,0.4575322398394703,24576.0,24576,,,,,
11.399995,12.749991,10.049998,1536.0,0.5716447808421715,30720.0,30720,,,,,
,,,,,,30720,39.0,,,,
,,,,,30720.0,30720,,8.6625,11.099996,6.750003,1536.0
12.599992,13.949988,11.549994,1536.0,0.1142558633626523,6144.0,6144,,,,,
11.024996,13.34999,9.749999,1536.0,0.2284085750818251,12288.0,12288,,,,,
10.649997,12.749991,8.700002,1536.0,0.34241181751412,18432.0,18432,,,,,
10.387497,11.699994,8.700002,1536.0,0.4563548403110567,24576.0,24576,,,,,
11.699994,13.19999,10.199998,1536.0,0.5701795793216865,30720.0,30720,,,,,
,,,,,,30720,17.25,,,,
,,,,,30720.0,30720,,11.9249935,13.19999,9.150001,1536.0
13.012491,14.399987,11.399995,1536.0,0.1139678146948267,6144.0,6144,,,,,
11.062496,12.749991,9.45,1536.0,0.2278377683616925,12288.0,12288,,,,,
12.149993,14.249988,10.649997,1536.0,0.3415561207409703,18432.0,18432,,,,,
10.3499975,10.949996,9.899999,1536.0,0.4552152313515316,24576.0,24576,,,,,
10.424997,11.399995,9.45,1536.0,0.5687827660230309,30720.0,30720,,,,,
,,,,,,30720,36.75,,,,
,,,,,30720.0,30720,,9.000001,10.199998,8.4000025,1536.0
12.787491,13.19999,11.999993,1536.0,0.11368363648546,6144.0,6144,,,,,
11.9249935,13.799989,9.899999,1536.0,0.2272652922305206,12288.0,12288,,,,,
12.412493,13.799989,10.949996,1536.0,0.3407126491792393,18432.0,18432,,,,,
10.949996,12.299993,10.199998,1536.0,0.4540884295050564,24576.0,24576,,,,,
12.074993,13.19999,10.499997,1536.0,0.5673577815220021,30720.0,30720,,,,,
,,,,,,30720,48.5,,,,
,,,,,30720.0,30720,,7.237503,8.250003,5.8500023,1536.0
12.562492,14.249988,9.899999,1536.0,0.1134029061122682,6144.0,6144,,,,,
11.7374935,13.4999895,9.3,1536.0,0.2267041019110983,12288.0,12288,,,,,
9.787498,11.549994,7.950003,1536.0,0.3398596410999098,18432.0,18432,,,,,
12.93749,13.4999895,12.449992,1536.0,0.4529501253440354,24576.0,24576,,,,,
9.3375,9.899999,8.4000025,1536.0,0.5659433503360094,30720.0,30720,,,,,
,,,,,,30720,40.0,,,,
,,,,,30720.0,30720,,8.512503,9.3,7.8000035,1536.0
12.562492,13.4999895,11.249995,1536.0,0.1131179244424992,6144.0,6144,,,,,
12.187492,13.949988,8.700002,1536.0,0.2261370965550318,12288.0,12288,,,,,
12.262493,13.19999,10.799996,1536.0,0.3390176549608572,18432.0,18432,,,,,
11.662495,13.4999895,9.899999,1536.0,0.4518350641068472,24576.0,24576,,,,,
11.174995,13.049991,9.45,1536.0,0.5645216741192389,30720.0,30720,,,,,
,,,,,,30720,8.5,,,,
,,,,,30720.0,30720,,13.23749,14.099988,11.699994,1536.0
12.637491,14.099988,11.099996,1536.0,0.1128343917622062,6144.0,6144,,,,,
8.6625,10.499997,6.300002,1536.0,0.2255724700235657,12288.0,12288,,,,,
11.9249935,14.399987,9.749999,1536.0,0.3381813370197269,18432.0,18432,,,,,
11.174995,12.449992,10.199998,1536.0,0.4507410506650255,24576.0,24576,,,,,
11.587494,12.599992,10.499997,1536.0,0.5631817253989777,30720.0,30720,,,,,
,,,,,,30720,49.25,,,,
,,,,,30720.0,30720,,7.1250024,8.700002,6.4500027,1536.0
13.23749,14.399987,11.699994,1536.0,0.1125659164739401,6144.0,6144,,,,,
10.462498,14.399987,8.850001,1536.0,0.225029052112171,12288.0,12288,,,,,
10.724997,13.4999895,8.700002,1536.0,0.3373365841784006,18432.0,18432,,,,,
9.374999,11.999993,6.9000025,1536.0,0.4495934658023401,24576.0,24576,,,,,
12.299993,14.399987,11.099996,1536.0,0.5617404552215144,30720.0,30720,,,,,
,,,,,,30720,27.0,,,,
,,,,,30720.0,30720,,10.462498,11.999993,8.850001,1536.0
12.749991,13.799989,11.849994,1536.0,0.1122767858159069,6144.0,6144,,,,,
8.9625,11.249995,5.7000017,1536.0,0.2244524149341389,12288.0,12288,,,,,
10.162498,10.499997,9.45,1536.0,0.3365066767703593,18432.0,18432,,,,,
9.787498,10.649997,8.4000025,1536.0,0.4485100623362523,24576.0,24576,,,,,
12.037493,13.34999,11.099996,1536.0,0.5603820777385284,30720.0,30720,,,,,
,,,,,,30720,21.5,,,,
,,,,,30720.0,30720,,11.287495,12.599992,10.799996,1536.0
13.42499,14.699986,11.549994,1536.0,0.1120067682480069,6144.0,6144,,,,,
8.999999,10.3499975,6.000002,1536.0,0.2239184518003958,12288.0,12288,,,,,
9.262501,9.899999,8.100003,1536.0,0.3357000697649657,18432.0,18432,,,,,
11.399995,13.649989,9.899999,1536.0,0.4474065132825321,24576.0,24576,,,,,
12.599992,13.649989,11.849994,1536.0,0.5590136048046268,30720.0,30720,,,,,
,,,,,,30720,30.25,,,,
,,,,,30720.0,30720,,9.974998,13.049991,8.4000025,1536.0
12.974991,13.949988,11.549994,1536.0,0.1117372958555885,6144.0,6144,,,,,
8.6625,10.949996,7.500003,1536.0,0.2233805416509348,12288.0,12288,,,,,
12.449992,13.649989,10.949996,1536.0,0.3348762897322177,18432.0,18432,,,,,
12.412493,13.19999,11.249995,1536.0,0.4463246343591164,24576.0,24576,,,,,
11.174995,13.34999,9.899999,1536.0,0.557654352311908,30720.0,30720,,,,,
,,,,,,30720,27.75,,,,
,,,,,30720.0,30720,,10.349997,12.299993,7.2000027,1536.0
13.27499,14.249988,12.749991,1536.0,0.111460061651497,6144.0,6144,,,,,
11.287495,12.149993,10.499997,1536.0,0.2228192136880702,12288.0,12288,,,,,
13.012491,13.4999895,11.849994,1536.0,0.3340401940730882,18432.0,18432,,,,,
12.412493,13.799989,10.049998,1536.0,0.4451913929383924,24576.0,24576,,,,,
7.5375004,10.799996,4.500001,1536.0,0.5562658067285841,30720.0,30720,,,,,
,,,,,,30720,7.0,,,,
,,,,,30720.0,30720,,13.46249,14.249988,12.149993,1536.0
12.674992,13.049991,11.699994,1536.0,0.111183209361758,6144.0,6144,,,,,
11.287495,13.049991,10.199998,1536.0,0.2222729558812366,12288.0,12288,,,,,
11.999993,14.249988,10.949996,1536.0,0.3332155701544366,18432.0,18432,,,,,
12.262493,14.099988,10.199998,1536.0,0.44411552140921,24576.0,24576,,,,,
11.324995,12.149993,10.499997,1536.0,0.5549201022759215,30720.0,30720,,,,,
,,,,,,30720,29.0,,,,
,,,,,30720.0,30720,,10.162498,11.699994,8.850001,1536.0
13.012491,14.699986,10.799996,1536.0,0.1109144878647667,6144.0,6144,,,,,
11.587494,12.749991,10.199998,1536.0,0.2217286979628659,12288.0,12288,,,,,
12.074993,12.599992,11.249995,1536.0,0.3323994725692633,18432.0,18432,,,,,
11.437494,12.599992,10.499997,1536.0,0.4430219884593566,24576.0,24576,,,,,
13.34999,14.249988,12.449992,1536.0,0.5535278700737858,30720.0,30720,,,,,
,,,,,,30720,18.5,,,,
,,,,,30720.0,30720,,11.7374935,13.049991,10.499997,1536.0
12.637491,13.649989,10.499997,1536.0,0.1106342659533394,6144.0,6144,,,,,
9.674999,10.949996,8.550002,1536.0,0.2211776501649855,12288.0,12288,,,,,
12.1124935,12.599992,11.399995,1536.0,0.3315954321653342,18432.0,18432,,,,,
9.824999,12.149993,7.950003,1536.0,0.4419305287499217,24576.0,24576,,,,,
13.574989,14.699986,12.749991,1536.0,0.5521805807870683,30720.0,30720,,,,,
,,,,,,30720,3.25,,,,
,,,,,30720.0,30720,,14.024988,14.849986,13.19999,1536.0
13.46249,14.699986,11.999993,1536.0,0.1103658436848135,6144.0,6144,,,,,
10.724997,13.19999,8.700002,1536.0,0.220635204168104,12288.0,12288,,,,,
12.374992,14.549987,10.199998,1536.0,0.330779926088035,18432.0,18432,,,,,
9.075001,10.949996,7.800003,1536.0,0.4408477096766101,24576.0,24576,,,,,
9.112501,11.549994,7.950003,1536.0,0.5508139777452956,30720.0,30720,,,,,
,,,,,,30720,11.75,,,,
,,,,,30720.0,30720,,12.749991,13.4999895,11.699994,1536.0
12.862492,13.949988,11.999993,1536.0,0.1100977929002287,6144.0,6144,,,,,
9.7874975,13.19999,6.9000025,1536.0,0.2201030637885932,12288.0,12288,,,,,
13.27499,13.649989,12.899991,1536.0,0.3299646002214245,18432.0,18432,,,,,
11.849994,13.949988,10.499997,1536.0,0.4397655073902594,24576.0,24576,,,,,
11.024996,11.999993,10.049998,1536.0,0.5494575583639429,30720.0,30720,,,,,
,,,,,,30720,58.5,,,,
,,,,,30720.0,30720,,5.737502,6.750003,5.250002,1536.0
12.712492,13.949988,11.099996,1536.0,0.1098254084995667,6144.0,6144,,,,,
11.212496,12.599992,9.899999,1536.0,0.2195559769180603,12288.0,12288,,,,,
10.3499975,11.249995,8.850001,1536.0,0.329162626116749,18432.0,18432,,,,,
12.149993,13.34999,10.649997,1536.0,0.4387018982112146,24576.0,24576,,,,,
11.512495,13.649989,9.3,1536.0,0.548145902428509,30720.0,30720,,,,,
,,,,,,30720,9.0,,,,
,,,,,30720.0,30720,,13.162491,14.099988,12.149993,1536.0
13.012491,14.249988,11.999993,1536.0,0.1095601241594833,6144.0,6144,,,,,
9.074999,12.449992,5.7000017,1536.0,0.2190332322889075,12288.0,12288,,,,,
10.237497,11.699994,9.150001,1536.0,0.3283858385491166,18432.0,18432,,,,,
8.662501,10.3499975,7.650003,1536.0,0.4376757557766043,24576.0,24576,,,,,
13.23749,14.099988,12.599992,1536.0,0.5468507566332153,30720.0,30720,,,,,
,,,,,,30720,32.25,,,,
,,,,,30720.0,30720,,9.674999,11.399995,8.250003,1536.0
12.562492,13.949988,9.899999,1536.0,0.1093045678576801,6144.0,6144,,,,,
9.525,10.799996,8.550002,1536.0,0.2185160526158183,12288.0,12288,,,,,
11.624994,14.549987,9.599999,1536.0,0.3275888193952578,18432.0,18432,,,,,
9.637499,10.499997,8.4000025,1536.0,0.4366135050570947,24576.0,24576,,,,,
8.887501,10.499997,6.7500024,1536.0,0.5455433453644958,30720.0,30720,,,,,
,,,,,,30720,31.0,,,,
,,,,,30720.0,30720,,9.862499,10.499997,8.850001,1536.0
13.4999895,14.699986,11.999993,1536.0,0.1090439317130812,6144.0,6144,,,,,
9.937498,11.699994,7.2000027,1536.0,0.2179995056536695,12288.0,12288,,,,,
12.599992,14.399987,10.949996,1536.0,0.3268285349868184,18432.0,18432,,,,,
8.2875,10.949996,6.000002,1536.0,0.4356000611289329,24576.0,24576,,,,,
10.3499975,11.099996,9.599999,1536.0,0.5442816785022176,30720.0,30720,,,,,
,,,,,,30720,27.5,,,,
,,,,,30720.0,30720,,10.387497,11.699994,9.3,1536.0
12.487492,13.799989,10.499997,1536.0,0.1087930809551983,6144.0,6144,,,,,
10.649997,13.049991,9.749999,1536.0,0.2174990601620872,12288.0,12288,,,,,
12.974991,13.649989,12.449992,1536.0,0.3260740349447533,18432.0,18432,,,,,
9.637499,10.049998,9.3,1536.0,0.4346022632355766,24576.0,24576,,,,,
11.887493,13.649989,9.3,1536.0,0.5430187709270825,30720.0,30720,,,,,
,,,,,,30720,13.75,,,,
,,,,,30720.0,30720,,12.449992,14.099988,11.399995,1536.0
13.162491,13.649989,12.599992,1536.0,0.1085369040883855,6144.0,6144,,,,,
10.312497,13.799989,7.500003,1536.0,0.2169779262380056,12288.0,12288,,,,,
13.34999,14.549987,12.299993,1536.0,0.3252675160941736,18432.0,18432,,,,,
12.187492,13.049991,11.099996,1536.0,0.4335125340972966,24576.0,24576,,,,,
9.674999,10.3499975,8.850001,1536.0,0.5416627300530167,30720.0,30720,,,,,
,,,,,,30720,11.0,,,,
,,,,,30720.0,30720,,12.862492,14.249988,11.549994,1536.0
13.874989,14.399987,13.19999,1536.0,0.1082713409492019,6144.0,6144,,,,,
11.512495,12.899991,10.049998,1536.0,0.2164494223061603,12288.0,12288,,,,,
11.587494,13.19999,10.499997,1536.0,0.324514046906454,18432.0,18432,,,,,
13.19999,13.649989,12.449992,1536.0,0.4325082302807575,24576.0,24576,,,,,
12.187492,13.34999,11.249995,1536.0,0.54040205764579,30720.0,30720,,,,,
,,,,,,30720,25.25,,,,
,,,,,30720.0,30720,,10.724997,11.999993,8.700002,1536.0
10.912497,12.299993,9.45,1536.0,0.1080161505914389,6144.0,6144,,,,,
10.687496,13.34999,7.500003,1536.0,0.2159360571076228,12288.0,12288,,,,,
12.187492,13.649989,10.3499975,1536.0,0.3237319718718224,18432.0,18432,,,,,
12.374992,14.099988,10.049998,1536.0,0.4314679717887976,24576.0,24576,,,,,
11.324995,12.149993,9.749999,1536.0,0.539107504547552,30720.0,30720,,,,,
,,,,,,30720,51.25,,,,
,,,,,30720.0,30720,,6.8250027,8.100003,5.250002,1536.0
12.824991,14.549987,9.45,1536.0,0.1077596488468133,6144.0,6144,,,,,
10.537496,13.049991,6.300002,1536.0,0.2154235482082969,12288.0,12288,,,,,
11.249995,13.049991,9.899999,1536.0,0.3229665621793549,18432.0,18432,,,,,
12.599992,13.4999895,11.099996,1536.0,0.4304476454350214,24576.0,24576,,,,,
9.862499,10.649997,8.550002,1536.0,0.5378278590886014,30720.0,30720,,,,,
,,,,,,30720,18.5,,,,
,,,,,30720.0,30720,,11.7374935,13.799989,9.749999,1536.0
12.337492,13.049991,11.399995,1536.0,0.1075000171053932,6144.0,6144,,,,,
11.099996,12.749991,9.3,1536.0,0.2149068045631729,12288.0,12288,,,,,
12.149993,14.099988,10.649997,1536.0,0.3221934539587048,18432.0,18432,,,,,
11.137495,12.149993,10.199998,1536.0,0.4294180593371423,24576.0,24576,,,,,
11.399995,12.299993,9.599999,1536.0,0.5365308351314307,30720.0,30720,,,,,
,,,,,,30720,37.75,,,,
,,,,,30720.0,30720,,8.85,9.599999,7.3500032,1536.0
12.974991,13.799989,11.999993,1536.0,0.107241797965227,6144.0,6144,,,,,
11.662495,12.149993,11.399995,1536.0,0.2143933718792117,12288.0,12288,,,,,
11.662495,13.34999,9.599999,1536.0,0.3214239772967456,18432.0,18432,,,,,
13.162491,13.649989,12.749991,1536.0,0.4283911493417597,24576.0,24576,,,,,
12.524992,13.4999895,10.949996,1536.0,0.5352826687192672,30720.0,30720,,,,,
,,,,,,30720,50.25,,,,
,,,,,30720.0,30720,,6.975003,8.100003,4.9500017,1536.0
13.34999,13.949988,12.899991,1536.0,0.1069935202752424,6144.0,6144,,,,,
8.2875,10.649997,5.850002,1536.0,0.2138967320190275,12288.0,12288,,,,,
11.512495,12.449992,11.099996,1536.0,0.3206822356449799,18432.0,18432,,,,,
12.524992,13.049991,11.999993,1536.0,0.4274068676131689,24576.0,24576,,,,,
12.93749,13.649989,12.149993,1536.0,0.5340364989759456,30720.0,30720,,,,,
,,,,,,30720,16.0,,,,
,,,,,30720.0,30720,,12.1124935,13.19999,10.499997,1536.0
11.812494,12.749991,10.799996,1536.0,0.1067452670049981,6144.0,6144,,,,,
10.874996,14.249988,8.4000025,1536.0,0.2134027511043917,12288.0,12288,,,,,
11.099996,12.299993,9.749999,1536.0,0.3199486370797904,18432.0,18432,,,,,
10.199998,12.299993,8.100003,1536.0,0.4264317819493085,24576.0,24576,,,,,
12.824991,14.099988,11.849994,1536.0,0.5328107725942341,30720.0,30720,,,,,
,,,,,,30720,12.75,,,,
,,,,,30720.0,30720,,12.599992,13.949988,11.399995,1536.0
12.299993,13.799989,10.499997,1536.0,0.106495093030317,6144.0,6144,,,,,
8.887501,9.3,8.4000025,1536.0,0.2129056306986325,12288.0,12288,,,,,
10.1624975,13.649989,7.650003,1536.0,0.3191735393225076,18432.0,18432,,,,,
9.824997,13.4999895,7.0500026,1536.0,0.4253911842197087,24576.0,24576,,,,,
10.387497,13.649989,7.350003,1536.0,0.5315213778619383,30720.0,30720,,,,,
,,,,,,30720,74.75,,,,
,,,,,30720.0,30720,,3.3000007,4.050001,2.8500004,1536.0
13.19999,14.549987,11.399995,1536.0,0.1062447792776023,6144.0,6144,,,,,
9.15,11.399995,6.150002,1536.0,0.2124032623174009,12288.0,12288,,,,,
12.899991,14.099988,10.3499975,1536.0,0.3184497606705008,18432.0,18432,,,,,
11.474995,13.799989,10.049998,1536.0,0.4244305960524647,24576.0,24576,,,,,
10.912497,12.449992,9.749999,1536.0,0.5303249373096175,30720.0,30720,,,,,
,,,,,,30720,77.5,,,,
,,,,,30720.0,30720,,2.8875003,3.3000007,2.5500002,1536.0
13.12499,14.249988,11.549994,1536.0,0.1060065135180972,6144.0,6144,,,,,
9.899998,11.999993,6.7500024,1536.0,0.211927045462354,12288.0,12288,,,,,
8.175002,9.000001,6.7500024,1536.0,0.3177268330642439,18432.0,18432,,,,,
8.587501,9.599999,6.000002,1536.0,0.4234661264046898,24576.0,24576,,,,,
10.424997,11.699994,8.700002,1536.0,0.5291230456011312,30720.0,30720,,,,,
,,,,,,30720,38.0,,,,
,,,,,30720.0,30720,,8.812502,9.899999,7.950003,1536.0
13.537489,14.399987,12.899991,1536.0,0.1057624420757237,6144.0,6144,,,,,
7.312501,9.45,5.4000015,1536.0,0.2114412916230609,12288.0,12288,,,,,
10.424997,13.049991,8.4000025,1536.0,0.3169928510771423,18432.0,18432,,,,,
11.137495,13.4999895,7.950003,1536.0,0.4225000268192663,24576.0,24576,,,,,
8.475002,8.700002,8.100003,1536.0,0.5279140663385139,30720.0,30720,,,,,
,,,,,,30720,11.5,,,,
,,,,,30720.0,30720,,12.787491,14.549987,11.099996,1536.0
12.974991,13.949988,10.949996,1536.0,0.1055222425787299,6144.0,6144,,,,,
8.137501,11.549994,5.2500014,1536.0,0.2109611853024096,12288.0,12288,,,,,
11.512495,11.999993,10.949996,1536.0,0.3162522482045403,18432.0,18432,,,,,
10.724997,13.049991,9.150001,1536.0,0.421501090551155,24576.0,24576,,,,,
12.487492,13.799989,11.249995,1536.0,0.5266698871425074,30720.0,30720,,,,,
,,,,,,30720,74.25,,,,
,,,,,30720.0,30720,,3.3750007,5.100002,2.1,1536.0
12.974991,13.4999895,11.849994,1536.0,0.1052705839368023,6144.0,6144,,,,,
8.700001,10.049998,7.650003,1536.0,0.2104560772679897,12288.0,12288,,,,,
12.524992,13.34999,11.549994,1536.0,0.3155066670557392,18432.0,18432,,,,,
9.150001,9.899999,8.550002,1536.0,0.4205205147437964,24576.0,24576,,,,,
12.93749,13.649989,12.149993,1536.0,0.5254474214229786,30720.0,30720,,,,,
,,,,,,30720,58.75,,,,
,,,,,30720.0,30720,,5.700002,6.3000026,4.8000016,1536.0
13.23749,14.399987,12.149993,1536.0,0.1050321729300333,6144.0,6144,,,,,
10.762495,13.049991,6.450002,1536.0,0.2099745401034264,12288.0,12288,,,,,
9.749998,12.599992,7.0500026,1536.0,0.3148050212367757,18432.0,18432,,,,,
12.074993,13.799989,10.499997,1536.0,0.4195634186802906,24576.0,24576,,,,,
13.46249,14.249988,12.599992,1536.0,0.5242163388380491,30720.0,30720,,,,,
,,,,,,30720,26.0,,,,
,,,,,30720.0,30720,,10.612497,12.749991,9.000001,1536.0
12.374992,13.649989,10.799996,1536.0,0.1047816351512758,6144.0,6144,,,,,
9.075001,10.649997,7.800003,1536.0,0.2094798359901866,12288.0,12288,,,,,
12.862492,13.4999895,11.699994,1536.0,0.3140631702014402,18432.0,18432,,,,,
10.237497,11.699994,9.3,1536.0,0.4185910610553974,24576.0,24576,,,,,
9.562499,11.399995,7.2000027,1536.0,0.5230438490448995,30720.0,30720,,,,,
,,,,,,30720,31.75,,,,
,,,,,30720.0,30720,,9.749999,12.149993,8.700002,1536.0
13.162491,14.249988,11.999993,1536.0,0.1045465497367879,6144.0,6144,,,,,
11.362495,13.799989,8.250003,1536.0,0.2090091385160433,12288.0,12288,,,,,
11.7374935,12.449992,10.799996,1536.0,0.313355798125236,18432.0,18432,,,,,
9.937498,12.149993,8.850001,1536.0,0.4176499353103992,24576.0,24576,,,,,
10.987495,11.249995,10.649997,1536.0,0.5218465337981654,30720.0,30720,,,,,
,,,,,,30720,42.75,,,,
,,,,,30720.0,30720,,8.100002,8.850001,7.6500034,1536.0
13.27499,14.099988,12.299993,1536.0,0.1043071632610553,6144.0,6144,,,,,
11.399995,13.049991,10.649997,1536.0,0.2085305639469559,12288.0,12288,,,,,
11.587494,12.899991,10.499997,1536.0,0.3126251534190085,18432.0,18432,,,,,
12.712492,13.799989,11.249995,1536.0,0.4166677714995955,24576.0,24576,,,,,
9.262499,12.149993,7.0500026,1536.0,0.5206228487007528,30720.0,30720,,,,,
,,,,,,30720,63.25,,,,
,,,,,30720.0,30720,,5.025002,6.4500027,4.2000012,1536.0
13.42499,14.249988,12.149993,1536.0,0.1040613134119289,6144.0,6144,,,,,
8.775002,9.45,8.250003,1536.0,0.2080438992124642,12288.0,12288,,,,,
11.324995,12.749991,9.749999,1536.0,0.3119095133014566,18432.0,18432,,,,,
10.687496,12.899991,9.150001,1536.0,0.4157228844144384,24576.0,24576,,,,,
11.849994,14.099988,9.899999,1536.0,0.5194585196707856,30720.0,30720,,,,,
,,,,,,30720,32.0,,,,
,,,,,30720.0,30720,,9.7125,10.049998,9.599999,1536.0
12.974991,14.249988,11.399995,1536.0,0.103830259200575,6144.0,6144,,,,,
8.625001,10.799996,6.9000025,1536.0,0.207578012260357,12288.0,12288,,,,,
10.687496,13.649989,7.950003,1536.0,0.3112112478303604,18432.0,18432,,,,,
9.824999,11.549994,7.2000027,1536.0,0.4147928164029187,24576.0,24576,,,,,
12.187492,14.249988,11.399995,1536.0,0.5183035305189044,30720.0,30720,,,,,
,,,,,,30720,57.0,,,,
,,,,,30720.0,30720,,5.9625025,7.5000033,3.750001,1536.0
12.93749,14.399987,11.849994,1536.0,0.103601419174459,6144.0,6144,,,,,
12.224993,13.4999895,10.199998,1536.0,0.2071208543726886,12288.0,12288,,,,,
10.612497,11.699994,9.3,1536.0,0.31052776366522,18432.0,18432,,,,,
11.624994,13.4999895,10.199998,1536.0,0.4138774313486505,24576.0,24576,,,,,
13.19999,14.549987,10.949996,1536.0,0.5171492638862991,30720.0,30720,,,,,
,,,,,,30720,64.25,,,,
,,,,,30720.0,30720,,4.875002,5.550002,4.3500013,1536.0
13.27499,14.699986,12.449992,1536.0,0.1033745914018777,6144.0,6144,,,,,
8.587502,9.599999,7.350003,1536.0,0.2066670516666806,12288.0,12288,,,,,
13.42499,13.949988,13.19999,1536.0,0.3098353643802645,18432.0,18432,,,,,
9.937498,11.249995,8.250003,1536.0,0.4129548972338506,24576.0,24576,,,,,
12.787491,14.399987,11.249995,1536.0,0.515998683219744,30720.0,30720,,,,,
,,,,,,30720,30.0,,,,
,,,,,30720.0,30720,,10.012497,11.399995,6.9000025,1536.0
13.012491,13.649989,12.449992,1536.0,0.1031411285861139,6144.0,6144,,,,,
7.912502,9.749999,7.0500026,1536.0,0.2062039041625218,12288.0,12288,,,,,
8.587502,9.599999,7.500003,1536.0,0.3091380984680908,18432.0,18432,,,,,
12.749991,13.34999,11.849994,1536.0,0.4120158849484023,24576.0,24576,,,,,
11.774994,14.099988,10.499997,1536.0,0.514812775930575,30720.0,30720,,,,,
,,,,,,30720,54.5,,,,
,,,,,30720.0,30720,,6.3375025,7.9500036,4.9500017,1536.0
12.1124935,12.899991,10.3499975,1536.0,0.1029016598953789,6144.0,6144,,,,,
11.962494,12.749991,10.649997,1536.0,0.2057214383632287,12288.0,12288,,,,,
11.474995,13.949988,9.3,1536.0,0.3084179300128484,18432.0,18432,,,,,
11.849994,13.34999,10.799996,1536.0,0.4110660471379861,24576.0,24576,,,,,
10.912497,11.849994,9.45,1536.0,0.5136159660525644,30720.0,30720,,,,,
,,,,,,30720,17.5,,,,
,,,,,30720.0,30720,,11.887493,13.4999895,10.3499975,1536.0
13.012491,14.699986,12.149993,1536.0,0.1026602728618497,6144.0,6144,,,,,
8.925001,10.049998,7.650003,1536.0,0.2052332782875307,12288.0,12288,,,,,
13.08749,14.099988,11.849994,1536.0,0.3076903627097594,18432.0,18432,,,,,
5.2125015,6.150002,3.9000006,1536.0,0.410100686812735,24576.0,24576,,,,,
9.899999,12.299993,8.250003,1536.0,0.5124236643578697,30720.0,30720,,,,,
,,,,,,30720,40.25,,,,
,,,,,30720.0,30720,,8.475,9.899999,6.3000026,1536.0
12.824991,13.4999895,11.849994,1536.0,0.1024254357326999,6144.0,6144,,,,,
10.912497,12.299993,9.000001,1536.0,0.2047662913603558,12288.0,12288,,,,,
11.137495,12.899991,9.000001,1536.0,0.3069980545757402,18432.0,18432,,,,,
9.599999,12.749991,8.4000025,1536.0,0.409171310679168,24576.0,24576,,,,,
12.449992,13.799989,11.699994,1536.0,0.5112540797886512,30720.0,30720,,,,,
,,,,,,30720,49.25,,,,
,,,,,30720.0,30720,,7.1250024,8.4000025,5.100002,1536.0
12.749991,13.649989,11.399995,1536.0,0.1021934171682053,6144.0,6144,,,,,
10.199997,11.699994,7.650003,1536.0,0.2043070995085946,12288.0,12288,,,,,
11.212496,12.899991,9.599999,1536.0,0.3063052400907553,18432.0,18432,,,,,
13.12499,13.949988,11.699994,1536.0,0.40825085615535,24576.0,24576,,,,,
12.824991,13.049991,12.299993,1536.0,0.5101165511199063,30720.0,30720,,,,,
,,,,,,30720,56.75,,,,
,,,,,30720.0,30720,,6.0000024,7.3500032,4.9500017,1536.0
12.637491,13.4999895,11.399995,1536.0,0.1019628129831382,6144.0,6144,,,,,
11.024996,12.299993,9.3,1536.0,0.203837549885939,12288.0,12288,,,,,
11.137495,11.849994,10.049998,1536.0,0.305604250165522,18432.0,18432,,,,,
12.524992,13.799989,11.399995,1536.0,0.407313315241719,24576.0,24576,,,,,
10.274998,13.649989,7.950003,1536.0,0.5089507306293619,30720.0,30720,,,,,
,,,,,,30720,30.25,,,,
,,,,,30720.0,30720,,9.9749975,12.749991,7.050003,1536.0
13.724989,14.549987,13.049991,1536.0,0.101735032560298,6144.0,6144,,,,,
8.737501,10.799996,7.350003,1536.0,0.2033915815689174,12288.0,12288,,,,,
10.649997,13.049991,8.850001,1536.0,0.3049415984826705,18432.0,18432,,,,,
10.837496,13.049991,9.599999,1536.0,0.4064447071176678,24576.0,24576,,,,,
9.7125,11.549994,8.700002,1536.0,0.507854501774906,30720.0,30720,,,,,
,,,,,,30720,24.25,,,,
,,,,,30720.0,30720,,10.874996,11.549994,10.3499975,1536.0
12.637491,14.099988,11.249995,1536.0,0.1015131579129975,6144.0,6144,,,,,
9.45,10.499997,8.700002,1536.0,0.2029465862842097,12288.0,12288,,,,,
10.724997,11.399995,9.3,1536.0,0.3042646305477098,18432.0,18432,,,,,
9.862499,11.849994,7.800003,1536.0,0.4055296831582214,24576.0,24576,,,,,
9.375,10.3499975,7.350003,1536.0,0.5067097081779852,30720.0,30720,,,,,
,,,,,,30720,30.5,,,,
,,,,,30720.0,30720,,9.937498,12.599992,8.700002,1536.0
12.93749,14.249988,11.699994,1536.0,0.1012860042421223,6144.0,6144,,,,,
10.612497,11.549994,9.3,1536.0,0.2024864930713067,12288.0,12288,,,,,
11.999993,13.19999,10.799996,1536.0,0.3035824480822413,18432.0,18432,,,,,
11.212496,13.649989,9.3,1536.0,0.4046223619010055,24576.0,24576,,,,,
12.787491,13.949988,11.249995,1536.0,0.5055771229283973,30720.0,30720,,,,,
,,,,,,30720,35.25,,,,
,,,,,30720.0,30720,,9.225,11.699994,8.250003,1536.0
12.262493,14.399987,10.499997,1536.0,0.1010586511766598,6144.0,6144,,,,,
10.462498,11.249995,9.599999,1536.0,0.2020367941174563,12288.0,12288,,,,,
12.1124935,13.049991,11.399995,1536.0,0.302906828670592,18432.0,18432,,,,,
12.374992,13.649989,10.949996,1536.0,0.403721666220009,24576.0,24576,,,,,
12.637491,13.34999,10.949996,1536.0,0.5044720800848894,30720.0,30720,,,,,
,,,,,,30720,53.0,,,,
,,,,,30720.0,30720,,6.5625024,8.250003,5.250002,1536.0
11.7374935,13.649989,9.3,1536.0,0.1008380694875512,6144.0,6144,,,,,
9.0375,9.899999,8.250003,1536.0,0.201598939727452,12288.0,12288,,,,,
12.337492,13.34999,11.099996,1536.0,0.3022569230388245,18432.0,18432,,,,,
12.374992,13.34999,11.249995,1536.0,0.4028649117240723,24576.0,24576,,,,,
9.899999,11.399995,7.950003,1536.0,0.503392293214954,30720.0,30720,,,,,
,,,,,,30720,46.75,,,,
,,,,,30720.0,30720,,7.500003,8.250003,6.1500025,1536.0
12.1124935,12.899991,11.549994,1536.0,0.1006239659365451,6144.0,6144,,,,,
7.912502,9.3,7.0500026,1536.0,0.2011746949349603,12288.0,12288,,,,,
9.562499,11.549994,7.650003,1536.0,0.3016058969492181,18432.0,18432,,,,,
12.224993,13.799989,11.399995,1536.0,0.4019924258041762,24576.0,24576,,,,,
11.662495,13.949988,9.000001,1536.0,0.5022654577815845,30720.0,30720,,,,,
,,,,,,30720,7.25,,,,
,,,,,30720.0,30720,,13.42499,13.949988,12.299993,1536.0
12.487492,14.099988,11.549994,1536.0,0.1003973121822963,6144.0,6144,,,,,
9.374998,11.999993,6.300002,1536.0,0.2007191884328578,12288.0,12288,,,,,
10.949996,12.749991,9.150001,1536.0,0.3009262881954821,18432.0,18432,,,,,
10.987495,12.299993,7.650003,1536.0,0.4010786725154923,24576.0,24576,,,,,
12.599992,13.649989,11.549994,1536.0,0.5011634154813388,30720.0,30720,,,,,
,,,,,,30720,7.0,,,,
,,,,,30720.0,30720,,13.46249,14.099988,12.599992,1536.0
12.637491,14.549987,9.150001,1536.0,0.1001757249762818,6144.0,6144,,,,,
9.5625,11.249995,8.550002,1536.0,0.2002797644491745,12288.0,12288,,,,,
9.524999,11.099996,6.9000025,1536.0,0.3002758897069086,18432.0,18432,,,,,
10.762497,13.19999,8.250003,1536.0,0.4002166223886156,24576.0,24576,,,,,
8.775002,9.749999,8.100003,1536.0,0.5000853475425309,30720.0,30720,,,,,
,,,,,,30720,42.5,,,,
,,,,,30720.0,30720,,8.137501,9.749999,6.3000026,1536.0
12.824991,14.249988,9.899999,1536.0,0.099960802747871,6144.0,6144,,,,,
12.149993,13.949988,10.049998,1536.0,0.1998468984609606,12288.0,12288,,,,,
11.099996,12.449992,10.499997,1536.0,0.2996116821116114,18432.0,18432,,,,,
10.462498,10.799996,9.45,1536.0,0.3993409167865835,24576.0,24576,,,,,
11.624994,13.34999,9.599999,1536.0,0.4989752829637479,30720.0,30720,,,,,
,,,,,,30720,42.25,,,,
,,,,,30720.0,30720,,8.175001,9.899999,5.550002,1536.0
12.862492,13.34999,11.549994,1536.0,0.0997393267592792,6144.0,6144,,,,,
10.537497,11.999993,9.899999,1536.0,0.1994068266338465,12288.0,12288,,,,,
10.462498,12.149993,8.700002,1536.0,0.2989625439942935,18432.0,18432,,,,,
11.9249935,13.049991,10.049998,1536.0,0.3984762085437306,24576.0,24576,,,,,
11.849994,12.749991,11.399995,1536.0,0.4979259476845377,30720.0,30720,,,,,
,,,,,,30720,40.5,,,,
,,,,,30720.0,30720,,8.437502,9.899999,6.750003,1536.0
12.637491,13.949988,9.899999,1536.0,0.0995320336261299,6144.0,6144,,,,,
10.612497,12.449992,9.000001,1536.0,0.1989897550846778,12288.0,12288,,,,,
12.337492,13.799989,10.949996,1536.0,0.2983507226840795,18432.0,18432,,,,,
11.212496,13.049991,8.4000025,1536.0,0.3976485385596252,24576.0,24576,,,,,
9.375,11.249995,8.250003,1536.0,0.4968609507250937,30720.0,30720,,,,,
,,,,,,30720,12.0,,,,
,,,,,30720.0,30720,,12.712492,14.099988,11.249995,1536.0
12.149993,14.099988,10.499997,1536.0,0.0993175309185318,6144.0,6144,,,,,
10.349997,12.149993,6.7500024,1536.0,0.198560135136801,12288.0,12288,,,,,
11.024996,12.449992,9.749999,1536.0,0.2976914594656291,18432.0,18432,,,,,
10.912497,11.999993,10.049998,1536.0,0.3967770498483304,24576.0,24576,,,,,
12.337492,14.399987,10.049998,1536.0,0.4957808131682114,30720.0,30720,,,,,
,,,,,,30720,16.5,,,,
,,,,,30720.0,30720,,12.037493,14.099988,10.199998,1536.0
12.749991,13.949988,11.099996,1536.0,0.0991027604928116,6144.0,6144,,,,,
11.812494,14.099988,8.850001,1536.0,0.1981339033422116,12288.0,12288,,,,,
11.137495,12.449992,8.4000025,1536.0,0.297068347122058,18432.0,18432,,,,,
11.587494,12.299993,10.049998,1536.0,0.3959500886592714,24576.0,24576,,,,,
12.487492,13.34999,11.099996,1536.0,0.4947524383073455,30720.0,30720,,,,,
,,,,,,30720,20.25,,,,
,,,,,30720.0,30720,,11.474995,13.34999,9.749999,1536.0
13.34999,14.399987,12.149993,1536.0,0.0988950767213926,6144.0,6144,,,,,
9.749998,12.299993,7.650003,1536.0,0.1977075052485573,12288.0,12288,,,,,
11.587494,13.049991,9.899999,1536.0,0.2964043619164043,18432.0,18432,,,,,
12.749991,13.649989,11.849994,1536.0,0.3950627142156637,24576.0,24576,,,,,
9.7125,11.699994,8.850001,1536.0,0.4936527080177572,30720.0,30720,,,,,
,,,,,,30720,19.75,,,,
,,,,,30720.0,30720,,11.549994,12.149993,11.099996,1536.0
12.674992,13.4999895,11.849994,1536.0,0.0986770767318742,6144.0,6144,,,,,
10.012499,11.999993,8.250003,1536.0,0.1972710310126645,12288.0,12288,,,,,
9.5625,11.099996,7.950003,1536.0,0.2957731355275639,18432.0,18432,,,,,
13.42499,13.949988,13.19999,1536.0,0.394229996566419,24576.0,24576,,,,,
9.674999,10.799996,7.950003,1536.0,0.4926119571704993,30720.0,30720,,,,,
,,,,,,30720,65.0,,,,
,,,,,30720.0,30720,,4.7625017,5.700002,3.6000009,1536.0
13.4999895,14.549987,12.599992,1536.0,0.0984685359764026,6144.0,6144,,,,,
8.775,12.149993,6.7500024,1536.0,0.1968692361448222,12288.0,12288,,,,,
11.549994,13.799989,10.499997,1536.0,0.29515374510038,18432.0,18432,,,,,
9.599999,9.899999,9.3,1536.0,0.3933896402552811,24576.0,24576,,,,,
10.237497,10.799996,9.599999,1536.0,0.4915560137539873,30720.0,30720,,,,,
,,,,,,30720,60.5,,,,
,,,,,30720.0,30720,,5.437502,6.4500027,4.2000012,1536.0
12.299993,13.649989,9.45,1536.0,0.0982588875836639,6144.0,6144,,,,,
11.362495,12.749991,8.250003,1536.0,0.1964476176881514,12288.0,12288,,,,,
10.724997,14.549987,7.350003,1536.0,0.2945199290244078,18432.0,18432,,,,,
10.987495,12.599992,10.049998,1536.0,0.3925452545465179,24576.0,24576,,,,,
10.387497,12.599992,9.45,1536.0,0.4905153164719026,30720.0,30720,,,,,
,,,,,,30720,69.75,,,,
,,,,,30720.0,30720,,4.050001,4.6500015,3.3000007,1536.0
12.449992,13.19999,11.549994,1536.0,0.0980515157349651,6144.0,6144,,,,,
10.874996,12.599992,8.550002,1536.0,0.1960295269028555,12288.0,12288,,,,,
11.587494,11.999993,11.099996,1536.0,0.2939007738722223,18432.0,18432,,,,,
11.624994,13.19999,9.45,1536.0,0.391725638170691,24576.0,24576,,,,,
10.312498,11.399995,9.150001,1536.0,0.4894827452036326,30720.0,30720,,,,,
,,,,,,30720,36.25,,,,
,,,,,30720.0,30720,,9.075001,11.099996,8.100003,1536.0
12.862492,13.049991,12.449992,1536.0,0.0978417659023709,6144.0,6144,,,,,
10.762497,11.849994,9.899999,1536.0,0.195611183051698,12288.0,12288,,,,,
10.537497,11.699994,8.250003,1536.0,0.2932809725850201,18432.0,18432,,,,,
10.837496,13.19999,8.850001,1536.0,0.3909005304641503,24576.0,24576,,,,,
9.3375,10.949996,8.100003,1536.0,0.4884528362174362,30720.0,30720,,,,,
,,,,,,30720,26.75,,,,
,,,,,30720.0,30720,,10.499997,11.099996,9.150001,1536.0
12.562492,14.249988,11.099996,1536.0,0.0976348501095504,6144.0,6144,,,,,
9.674999,10.799996,8.250003,1536.0,0.1951943250274121,12288.0,12288,,,,,
12.262493,12.749991,11.249995,1536.0,0.2926610010383239,18432.0,18432,,,,,
10.762497,13.34999,7.950003,1536.0,0.3900747564934755,24576.0,24576,,,,,
10.237497,11.399995,7.800003,1536.0,0.4874264388149991,30720.0,30720,,,,,
,,,,,,30720,65.25,,,,
,,,,,30720.0,30720,,4.725002,7.9500036,2.5500002,1536.0
12.824991,13.949988,11.699994,1536.0,0.0974332358007238,6144.0,6144,,,,,
10.799996,13.049991,7.950003,1536.0,0.1947978630160617,12288.0,12288,,,,,
11.962494,13.4999895,8.4000025,1536.0,0.2920582776808139,18432.0,18432,,,,,
11.437494,13.4999895,8.100003,1536.0,0.3892740657198791,24576.0,24576,,,,,
11.549994,13.649989,10.049998,1536.0,0.486419950718607,30720.0,30720,,,,,
,,,,,,30720,57.5,,,,
,,,,,30720.0,30720,,5.887502,6.750003,5.250002,1536.0
12.712492,13.4999895,11.699994,1536.0,0.097231817765795,6144.0,6144,,,,,
11.437494,12.599992,9.000001,1536.0,0.1943887476060407,12288.0,12288,,,,,
12.262493,13.19999,10.949996,1536.0,0.2914422659032626,18432.0,18432,,,,,
8.137503,9.000001,7.650003,1536.0,0.3884459397067764,24576.0,24576,,,,,
10.462498,11.699994,9.3,1536.0,0.4853745770631208,30720.0,30720,,,,,
,,,,,,30720,28.75,,,,
,,,,,30720.0,30720,,10.199998,11.399995,9.3,1536.0
12.712492,13.4999895,11.549994,1536.0,0.097022086288357,6144.0,6144,,,,,
10.012499,12.449992,8.250003,1536.0,0.193965893932099,12288.0,12288,,,,,
9.0375,10.649997,7.950003,1536.0,0.2908123190027917,18432.0,18432,,,,,
10.462498,12.899991,7.950003,1536.0,0.387605911861852,24576.0,24576,,,,,
10.012499,10.499997,9.3,1536.0,0.4843329549052472,30720.0,30720,,,,,
,,,,,,30720,49.25,,,,
,,,,,30720.0,30720,,7.125003,7.8000035,6.3000026,1536.0
12.712492,14.699986,10.3499975,1536.0,0.0968149275360542,6144.0,6144,,,,,
11.137495,13.34999,9.150001,1536.0,0.1935569861696495,12288.0,12288,,,,,
13.08749,13.949988,11.999993,1536.0,0.2901786055444047,18432.0,18432,,,,,
9.862499,11.699994,8.100003,1536.0,0.3867696774992994,24576.0,24576,,,,,
10.124998,10.649997,9.45,1536.0,0.4832795223052023,30720.0,30720,,,,,
,,,,,,30720,39.75,,,,
,,,,,30720.0,30720,,8.549999,11.999993,5.100002,1536.0
13.049991,14.099988,11.099996,1536.0,0.0966042359602928,6144.0,6144,,,,,
9.525,10.049998,9.150001,1536.0,0.1931378025190127,12288.0,12288,,,,,
11.849994,13.19999,8.850001,1536.0,0.2895751610712748,18432.0,18432,,,,,
10.837496,11.549994,9.3,1536.0,0.385962228025103,24576.0,24576,,,,,
13.387489,13.799989,12.449992,1536.0,0.4822685238757206,30720.0,30720,,,,,
,,,,,,30720,34.5,,,,
,,,,,30720.0,30720,,9.3375,11.999993,7.500003,1536.0
12.899991,14.399987,10.799996,1536.0,0.0964010408395952,6144.0,6144,,,,,
8.924998,12.449992,5.4000015,1536.0,0.1927296869038473,12288.0,12288,,,,,
10.087498,11.549994,7.950003,1536.0,0.2889627650441408,18432.0,18432,,,,,
12.149993,13.4999895,11.399995,1536.0,0.3851518052647029,24576.0,24576,,,,,
12.149993,14.699986,10.199998,1536.0,0.4812658396281255,30720.0,30720,,,,,
,,,,,,30720,60.0,,,,
,,,,,30720.0,30720,,5.512502,6.600003,4.9500017,1536.0
13.4999895,14.249988,11.999993,1536.0,0.0962054302349295,6144.0,6144,,,,,
8.662501,10.199998,7.500003,1536.0,0.1923382090600805,12288.0,12288,,,,,
8.924999,10.799996,6.000002,1536.0,0.2883672240315442,18432.0,18432,,,,,
12.787491,13.649989,11.699994,1536.0,0.3843501317585857,24576.0,24576,,,,,
9.899999,11.999993,8.4000025,1536.0,0.480259560916647,30720.0,30720,,,,,
,,,,,,30720,61.75,,,,
,,,,,30720.0,30720,,5.250002,8.100003,4.050001,1536.0
12.299993,13.19999,11.399995,1536.0,0.0960007994065842,6144.0,6144,,,,,
10.462496,13.049991,6.6000023,1536.0,0.1919281046897704,12288.0,12288,,,,,
11.962494,13.4999895,10.049998,1536.0,0.2877407961547681,18432.0,18432,,,,,
12.749991,13.949988,11.249995,1536.0,0.3835148915699142,24576.0,24576,,,,,
10.424997,14.249988,7.650003,1536.0,0.4792099597612079,30720.0,30720,,,,,
,,,,,,30720,29.5,,,,
,,,,,30720.0,30720,,10.087498,11.249995,9.599999,1536.0
12.787491,14.549987,9.3,1536.0,0.0957922372475483,6144.0,6144,,,,,
9.3375,10.3499975,7.350003,1536.0,0.1915176690901307,12288.0,12288,,,,,
11.962494,12.749991,9.899999,1536.0,0.2871406760824977,18432.0,18432,,,,,
11.624994,13.799989,10.049998,1536.0,0.3827137449246614,24576.0,24576,,,,,
11.024996,11.999993,8.250003,1536.0,0.4782211961182439,30720.0,30720,,,,,
,,,,,,30720,36.0,,,,
,,,,,30720.0,30720,,9.112501,10.049998,8.700002,1536.0
12.712492,14.549987,10.3499975,1536.0,0.0955929799620446,6144.0,6144,,,,,
12.187492,13.4999895,10.499997,1536.0,0.1911175484060523,12288.0,12288,,,,,
10.237497,11.249995,9.45,1536.0,0.2865509902044116,18432.0,18432,,,,,
11.662495,13.949988,9.150001,1536.0,0.3819405569193864,24576.0,24576,,,,,
10.162498,11.849994,8.850001,1536.0,0.477262025707195,30720.0,30720,,,,,
,,,,,,30720,55.0,,,,
,,,,,30720.0,30720,,6.2625027,6.750003,5.550002,1536.0
12.412493,13.949988,10.3499975,1536.0,0.0954024418635306,6144.0,6144,,,,,
10.762496,12.749991,7.800003,1536.0,0.1907367193797925,12288.0,12288,,,,,
9.862497,11.249995,6.6000023,1536.0,0.2859644217526638,18432.0,18432,,,,,
11.587494,13.949988,8.250003,1536.0,0.3811447964761411,24576.0,24576,,,,,
11.774994,13.949988,9.899999,1536.0,0.4762440450518389,30720.0,30720,,,,,
,,,,,,30720,42.75,,,,
,,,,,30720.0,30720,,8.100001,10.3499975,6.750003,1536.0
12.599992,13.949988,10.499997,1536.0,0.0951988325341827,6144.0,6144,,,,,
10.049998,11.849994,8.550002,1536.0,0.1903337995974433,12288.0,12288,,,,,
13.574989,13.949988,13.34999,1536.0,0.2853646476941612,18432.0,18432,,,,,
8.887499,10.499997,5.850002,1536.0,0.3803533291497764,24576.0,24576,,,,,
9.000001,10.649997,8.250003,1536.0,0.4752778650291117,30720.0,30720,,,,,
,,,,,,30720,35.75,,,,
,,,,,30720.0,30720,,9.15,10.799996,7.650003,1536.0
12.787491,14.099988,11.249995,1536.0,0.0950035118888646,6144.0,6144,,,,,
8.85,10.049998,7.350003,1536.0,0.1899368933741406,12288.0,12288,,,,,
10.387497,11.699994,9.599999,1536.0,0.2847808557974675,18432.0,18432,,,,,
10.912497,12.599992,9.45,1536.0,0.3795755445457501,24576.0,24576,,,,,
11.512495,13.4999895,10.049998,1536.0,0.474295314904295,30720.0,30720,,,,,
,,,,,,30720,49.5,,,,
,,,,,30720.0,30720,,7.087503,8.100003,6.3000026,1536.0
13.162491,14.399987,12.149993,1536.0,0.0948096123197711,6144.0,6144,,,,,
10.649996,13.949988,6.6000023,1536.0,0.1895514752960365,12288.0,12288,,,,,
12.974991,13.4999895,12.599992,1536.0,0.2842035580680048,18432.0,18432,,,,,
12.374992,13.949988,11.249995,1536.0,0.3787961021230027,24576.0,24576,,,,,
11.812494,14.249988,10.3499975,1536.0,0.4733173758482083,30720.0,30720,,,,,
,,,,,,30720,36.75,,,,
,,,,,30720.0,30720,,9.0,11.399995,7.3500032,1536.0
13.012491,13.799989,12.299993,1536.0,0.0946126976327511,6144.0,6144,,,,,
10.087498,11.999993,7.800003,1536.0,0.1891529743624905,12288.0,12288,,,,,
10.087498,11.999993,9.000001,1536.0,0.2835982755918532,18432.0,18432,,,,,
9.224999,11.399995,7.0500026,1536.0,0.378005276222334,24576.0,24576,,,,,
12.637491,13.649989,11.849994,1536.0,0.4723247744553277,30720.0,30720,,,,,
,,,,,,30720,59.0,,,,
,,,,,30720.0,30720,,5.6625023,6.750003,4.8000016,1536.0
13.34999,13.649989,13.049991,1536.0,0.0944136718017037,6144.0,6144,,,,,
8.475,11.399995,4.800001,1536.0,0.1887626535936528,12288.0,12288,,,,,
11.024996,13.19999,9.150001,1536.0,0.2830107358364339,18432.0,18432,,,,,
11.437494,13.4999895,9.150001,1536.0,0.3772227268903269,24576.0,24576,,,,,
8.9625,10.949996,5.850002,1536.0,0.4713676733414784,30720.0,30720,,,,,
,,,,,,30720,30.25,,,,
,,,,,30720.0,30720,,9.974998,11.099996,9.000001,1536.0
13.19999,13.649989,12.599992,1536.0,0.0942230115448792,6144.0,6144,,,,,
9.599998,11.249995,7.650003,1536.0,0.1883752332723109,12288.0,12288,,,,,
10.687496,11.399995,9.45,1536.0,0.2824342141132849,18432.0,18432,,,,,
11.062495,13.4999895,7.650003,1536.0,0.3764390754381471,24576.0,24576,,,,,
11.624994,13.049991,9.899999,1536.0,0.4703593124225862,30720.0,30720,,,,,
,,,,,,30720,59.25,,,,
,,,,,30720.0,30720,,5.6250024,7.3500032,4.050001,1536.0
12.974991,14.099988,12.149993,1536.0,0.0940240207253182,6144.0,6144,,,,,
9.899999,13.19999,7.950003,1536.0,0.18797822238327083,12288.0,12288,,,,,
